y,x_1,x_2,x_3,x_4,x_5,x_6,x_7,x_8,x_9,x_10,x_11,x_12,x_13,x_14,x_15,x_16,x_17,x_18,x_19,x_20,x_21,x_22,x_23,x_24,x_25,x_26,x_27,x_28,x_29,x_30,x_31,x_32,x_33,x_34,x_35,x_36,x_37,x_38,x_39,x_40,x_41,x_42,x_43,x_44,x_45,x_46,x_47,x_48,x_49,x_50
50.76210216,9.82755136,8.12333768,7.107513813,6.429178413,5.936848487,5.56081144,5.260877486,5.012571338,4.804730013,4.62807344,4.473813849,4.337181072,4.217818072,4.109974215,4.017964444,3.928094998,3.846070391,3.778784554,3.704539191,3.644825522,3.584806952,3.537603266,3.485011203,3.439490943,3.391317698,3.354520306,3.305495731,3.27071878,3.239702052,3.198880383,3.178247291,3.133814293,3.111826751,3.082743265,3.063133053,3.037210291,3.004309043,2.982644569,2.95504805,2.941168187,2.922665556,2.898779325,2.891168816,2.857638805,2.840615734,2.818911666,2.816541769,2.787017567,2.777275064,2.764027329
23.00593823,4.723538929,5.23815931,5.172311157,4.999319739,4.816383662,4.644481871,4.487096129,4.347168817,4.222510158,4.109414296,4.006292121,3.914625475,3.829921931,3.757326272,3.683876491,3.616982071,3.562441239,3.499182954,3.450236429,3.399014884,3.359957947,3.314123938,3.275379464,3.233426946,3.202318495,3.158303629,3.129113379,3.102067073,3.065154364,3.048453379,3.007290224,2.989389028,2.962856321,2.946227953,2.922504096,2.892408847,2.873924464,2.84858452,2.836956347,2.819877344,2.798126045,2.792274426,2.760076473,2.745603828,2.725796989,2.724822491,2.696121844,2.688385354,2.676350527,2.660795683
14.58113417,3.021861184,3.796435506,4.010724929,4.047033862,4.015570964,3.955309633,3.886226807,3.815804214,3.745194782,3.676248417,3.612589612,3.551491759,3.498447047,3.442194068,3.389560914,3.347911432,3.296538909,3.256861567,3.215495417,3.183930575,3.145816037,3.112992543,3.077393933,3.051605773,3.013319292,2.988249176,2.9662989,2.933415365,2.919697958,2.882983674,2.86741626,2.844963763,2.830438161,2.809712641,2.78187514,2.765707583,2.743539886,2.733675907,2.718864644,2.6985865,2.69434312,2.664468548,2.650832853,2.633568851,2.633941994,2.607211023,2.599785904,2.589753141,2.575425989,2.557564037
9.784694943,2.171532713,2.931055071,3.237108501,3.366421133,3.413279062,3.420142363,3.40639591,3.38018098,3.346557764,3.31147715,3.274251519,3.241177493,3.202235449,3.164577602,3.135017712,3.095657707,3.066090223,3.033180288,3.010097032,2.979088377,2.953088318,2.923035114,2.902700817,2.869784599,2.849519983,2.831275835,2.803484421,2.792872276,2.759695911,2.747599371,2.727542296,2.716585749,2.698020002,2.67319733,2.658824803,2.639006319,2.631781676,2.618767294,2.600772941,2.597510797,2.56980361,2.55796365,2.541589233,2.54394087,2.51912325,2.513121849,2.503449964,2.491120928,2.474501452,2.480140302
9.171064979,1.66113147,2.354711702,2.684193456,2.854531728,2.945577528,2.992778573,3.01302103,3.016363774,3.010863433,2.998001843,2.985126239,2.963875382,2.941287136,2.924476875,2.89638346,2.877037813,2.853368359,2.837459168,2.814479523,2.794730398,2.771067695,2.755425618,2.7280077,2.712206248,2.698320621,2.674302493,2.667805689,2.638274877,2.628785145,2.612215067,2.603209884,2.588207736,2.565601842,2.553746432,2.535774466,2.530405236,2.520023465,2.503858681,2.502363188,2.476219954,2.466020684,2.451458751,2.454194337,2.431905893,2.427268254,2.419032675,2.407114024,2.392488715,2.398808049,2.376908656
4.304482513,1.321204242,1.942790615,2.268345587,2.457031016,2.572089253,2.642417267,2.684488163,2.70999139,2.722376118,2.730122944,2.726758968,2.719585428,2.715602109,2.699382444,2.689567108,2.675234833,2.667236728,2.651058101,2.638423764,2.620614529,2.610461262,2.587816123,2.576607,2.566749309,2.547121258,2.543491376,2.518559083,2.511786097,2.49787438,2.491873464,2.478877472,2.459829722,2.449735953,2.434295534,2.430302749,2.421804153,2.408265255,2.408101503,2.384271485,2.375144251,2.362237759,2.366254832,2.344950717,2.342277912,2.335413259,2.3249435,2.310778084,2.318514555,2.297883511,2.299484921
7.136078015,1.07825325,1.632984419,1.945424615,2.139602391,2.265896163,2.349807825,2.407828907,2.446702623,2.475850594,2.490741801,2.499149705,2.50830763,2.504022396,2.504300603,2.498659707,2.498657226,2.489968508,2.483297142,2.472148881,2.46698288,2.44985483,2.442554559,2.436852507,2.42129237,2.42112179,2.399599146,2.396448224,2.385297316,2.381509255,2.371531861,2.354545059,2.34749896,2.333870063,2.33190905,2.324831032,2.31320307,2.315133413,2.29319289,2.285861733,2.274068548,2.279211419,2.259749934,2.257555821,2.252649931,2.243558263,2.230854326,2.238526129,2.219882342,2.222190108,2.222061186
3.716441125,0.895529605,1.392408658,1.687552472,1.879368112,2.010174461,2.103399874,2.170074859,2.221710404,2.255551189,2.279858412,2.302298451,2.310234694,2.320653311,2.324225058,2.331615731,2.330488076,2.33042711,2.324856235,2.325435749,2.313351231,2.310662588,2.308466963,2.297098014,2.300078254,2.282522374,2.28186914,2.274337365,2.272862844,2.26514413,2.251190257,2.245754199,2.235168198,2.234556443,2.229522567,2.219359314,2.222702167,2.203375203,2.197435712,2.18745198,2.193207985,2.175428493,2.174546015,2.170160925,2.163021949,2.151703268,2.160287445,2.142190189,2.145908182,2.146496705,2.11882954
4.087229394,0.75363806,1.200294202,1.476143779,1.662029593,1.79482987,1.891643041,1.966903218,2.020653527,2.061477904,2.097472779,2.1177504,2.138571482,2.151389541,2.166658956,2.172526229,2.179135842,2.179749123,2.185055435,2.178722616,2.180203802,2.182177442,2.174379366,2.180635937,2.166742726,2.169122853,2.164139134,2.165794379,2.160428373,2.148779005,2.145891355,2.136963338,2.138884688,2.135242823,2.127136083,2.131466216,2.114101084,2.110243361,2.101678535,2.108724178,2.092132283,2.092402153,2.089342096,2.082766029,2.073393968,2.082812021,2.06619827,2.069938233,2.071934022,2.045572168,2.041405805
2.952274543,0.640328984,1.042794962,1.299582672,1.479007683,1.609768112,1.710687202,1.785345581,1.843531992,1.893630739,1.926486248,1.957808756,1.980113133,2.003283741,2.016596002,2.029345678,2.036192064,2.046797958,2.045254635,2.051571235,2.057298482,2.053692297,2.062639702,2.052527652,2.057650022,2.055723331,2.059490239,2.057251393,2.047993901,2.04695952,2.040592452,2.043714028,2.042601178,2.035929204,2.041814013,2.025994499,2.023600182,2.017111519,2.025072792,2.010314426,2.01127172,2.009375813,2.004138177,1.995371133,2.006172982,1.990957026,1.99563139,1.997686278,1.973301809,1.969878764,1.963982071
4.199287724,0.547435957,0.911257136,1.150899635,1.321723229,1.451624428,1.548981984,1.625401949,1.6903458,1.736274021,1.778297921,1.810170315,1.841462078,1.862230599,1.881539343,1.894119602,1.910065202,1.913846793,1.924093942,1.934200729,1.934393163,1.946621342,1.939726072,1.947711782,1.948557318,1.954923756,1.954841345,1.948708407,1.949613738,1.945140036,1.950336249,1.950464719,1.946317668,1.953167854,1.939427529,1.938101401,1.933099279,1.942606046,1.929315615,1.931586623,1.930411158,1.926349472,1.918934259,1.929824961,1.916545001,1.922065779,1.925064509,1.901350338,1.899327649,1.894185361,1.912366247
0.289134132,0.469854968,0.800488441,1.02312515,1.187316514,1.310304541,1.406527387,1.48707232,1.546733745,1.599898199,1.641508696,1.680986679,1.709413454,1.735282771,1.753985831,1.774802476,1.78393834,1.79862245,1.812253302,1.816830224,1.831972064,1.828843291,1.839160374,1.842895912,1.851586025,1.854124181,1.850192451,1.853733294,1.851233576,1.857866192,1.860080047,1.85721541,1.866081409,1.853854234,1.854105459,1.850208304,1.860698557,1.849474204,1.852709873,1.852858821,1.849550596,1.843323132,1.855031319,1.842430065,1.849324015,1.853174533,1.830975334,1.829098383,1.82535349,1.843723093,1.834942513
1.700200842,0.404523609,0.705296593,0.913936044,1.067208385,1.185808449,1.283323411,1.357388294,1.422269965,1.474012825,1.521818124,1.557954646,1.590569693,1.615387601,1.641438616,1.65548535,1.674628393,1.692261518,1.700412662,1.719021469,1.719308854,1.732479432,1.738594677,1.749726251,1.754614732,1.753324606,1.758624668,1.758758182,1.766907722,1.770592348,1.769823845,1.779507652,1.769797899,1.771092885,1.768783389,1.779893825,1.770197655,1.77496873,1.776104131,1.774131019,1.768690033,1.781053377,1.769827401,1.776883893,1.782103029,1.761319537,1.760408454,1.756846428,1.776037383,1.768029689,1.757518778
1.357843008,0.348379473,0.623950832,0.816362801,0.961398843,1.078136154,1.167819684,1.244995471,1.307380321,1.363863123,1.407827104,1.447225815,1.478328362,1.509597744,1.5288914,1.552077174,1.573726903,1.585900586,1.607212129,1.611431838,1.627129865,1.636115572,1.649202946,1.656556589,1.65764344,1.665124978,1.667056886,1.677350942,1.682581868,1.683318505,1.694610343,1.686258343,1.68956164,1.688331535,1.700525733,1.692000728,1.697796932,1.700463257,1.699498389,1.695403217,1.708044612,1.698027036,1.705924461,1.711337721,1.692475047,1.692428291,1.689841573,1.708678458,1.702063223,1.692336286,1.705902955
2.635778221,0.300401756,0.551258875,0.73040542,0.869887888,0.977193377,1.067716454,1.14124825,1.206851882,1.258958645,1.305235185,1.342648586,1.379291894,1.403807888,1.43135048,1.456623474,1.472825413,1.497266476,1.504691542,1.523403959,1.534950876,1.550458808,1.559811215,1.563386927,1.572793559,1.57692535,1.588570215,1.595943703,1.598256014,1.610590301,1.60435414,1.608550585,1.609325382,1.622122455,1.615203664,1.621686249,1.62539621,1.625957783,1.622892646,1.636357366,1.627184049,1.635757281,1.642021522,1.623942825,1.625254061,1.623537044,1.642796986,1.636426503,1.628089063,1.641874018,1.62847922
0.187748989,0.257528051,0.487220723,0.656063902,0.784096367,0.889709637,0.975313472,1.050469432,1.111110512,1.164544614,1.208342817,1.250374561,1.280255426,1.312123345,1.341312707,1.361169773,1.388740838,1.399768955,1.420811062,1.43537608,1.453013996,1.464802044,1.470419484,1.481863473,1.487943677,1.501325669,1.510083545,1.514536463,1.52798447,1.523316458,1.529140638,1.530842827,1.545136375,1.539361105,1.546946008,1.551371771,1.552995488,1.55145231,1.56543834,1.557629564,1.566538627,1.573487526,1.556817603,1.558396653,1.558033075,1.577609546,1.572230105,1.564174548,1.578772957,1.566180614,1.576863397
0.926363589,0.219758359,0.431836375,0.586368728,0.709743716,0.808955415,0.894460863,0.964013414,1.024943279,1.075375808,1.122849552,1.158100535,1.194423821,1.22749146,1.251274934,1.281625022,1.296247806,1.319998256,1.336930583,1.357129076,1.371077117,1.37914528,1.392201719,1.400340018,1.415215208,1.425725988,1.431596874,1.446697097,1.443658616,1.450588254,1.453927136,1.468676621,1.464900117,1.473152026,1.478688352,1.481057293,1.480594766,1.495573205,1.488832598,1.498583712,1.505893206,1.490461186,1.492914664,1.492850481,1.513219085,1.5087183,1.501663224,1.516006578,1.504798797,1.515718346,1.525247574
0.057604981,0.18709268,0.379913549,0.525966244,0.6411105,0.738295471,0.817458378,0.886202999,0.943563115,0.996697449,1.037356286,1.078129713,1.115194646,1.142859575,1.176243457,1.194125797,1.220571688,1.240227557,1.262370156,1.278882072,1.289140237,1.304195612,1.313983954,1.330462772,1.342486738,1.350126306,1.366191315,1.365289858,1.373387071,1.377860051,1.393756335,1.390968863,1.40071111,1.406942946,1.410430696,1.410742815,1.426294225,1.421067731,1.431378291,1.439537861,1.425032643,1.42819143,1.429011725,1.449153033,1.445998099,1.439827053,1.454618637,1.443754623,1.455482691,1.465256077,1.447823839
0.824556772,0.156468605,0.334913767,0.470210105,0.581056436,0.671000286,0.748156142,0.812715384,0.871757087,0.91801909,0.963262123,1.004310493,1.035965472,1.072333004,1.093708832,1.122535521,1.144895571,1.169320269,1.187809729,1.200635068,1.217445468,1.229245943,1.246940156,1.260585526,1.269758269,1.287126572,1.287704644,1.297450492,1.303115526,1.319677489,1.318542833,1.328802657,1.336522103,1.340733866,1.34217304,1.358006956,1.353893503,1.365188626,1.373923985,1.360810059,1.364387222,1.365921675,1.386409766,1.383606861,1.378777113,1.393899556,1.384051756,1.395586653,1.406166584,1.389562674,1.396208016
1.232453916,0.12992774,0.293375506,0.421423484,0.523862089,0.61043462,0.68270403,0.74787337,0.79995106,0.849831179,0.89486751,0.930491273,0.96994116,0.994753776,1.026180503,1.050945245,1.077627911,1.098412981,1.113249303,1.13216894,1.145750698,1.16500337,1.179896358,1.190708279,1.209151211,1.211526891,1.222299085,1.229611125,1.246898291,1.246949286,1.258372031,1.266636451,1.272333096,1.274524786,1.290979798,1.287692478,1.299592961,1.309309521,1.297318243,1.301764207,1.3037418,1.324408505,1.322506827,1.318060689,1.333963122,1.325008309,1.337007169,1.347418683,1.332192424,1.339100405,1.344592193
-0.573476773,0.105428481,0.257029528,0.374960034,0.472387176,0.553233713,0.624952166,0.683031357,0.737719169,0.786888492,0.826472898,0.868975256,0.897314416,0.931279862,0.958652173,0.987309445,1.010360251,1.027505693,1.04800893,1.063702811,1.084298038,1.100760798,1.112852559,1.13247724,1.136422741,1.148527157,1.156893526,1.175339632,1.176626746,1.188766723,1.198201229,1.204470245,1.20814409,1.224867976,1.222722142,1.234956619,1.24529242,1.234804047,1.239863936,1.242718355,1.263311519,1.26213875,1.258603888,1.274363241,1.266742136,1.279080811,1.289962581,1.275166727,1.282876318,1.288638136,1.29297637
1.564681853,0.083991629,0.22241431,0.33314293,0.423771981,0.502762325,0.567200303,0.626834946,0.680274347,0.723945805,0.769477387,0.801307637,0.837892536,0.867805948,0.898626992,0.923673644,0.943092591,0.965461816,0.982768556,1.005017559,1.022845379,1.036518225,1.056982727,1.062599994,1.075815683,1.085527422,1.104569079,1.107500266,1.12040951,1.130584161,1.138030428,1.142304039,1.160002334,1.158658896,1.1715289,1.18222076,1.172891697,1.178924942,1.182409629,1.203354454,1.202666097,1.199868995,1.216001928,1.208817069,1.221928145,1.233153314,1.219395701,1.226998757,1.233560211,1.238175868,1.241360547
1.219468615,0.063575579,0.191260615,0.293648998,0.380876221,0.452290936,0.517148688,0.574961335,0.622829525,0.671493566,0.706782326,0.745943222,0.778470655,0.811384691,0.83860181,0.860037844,0.884233389,0.903417939,0.926848236,0.946332306,0.961392719,0.982982747,0.989938929,1.004368955,1.015208625,1.035127635,1.03916352,1.053228773,1.064192274,1.072401598,1.077859626,1.095679384,1.095813328,1.109002087,1.120335658,1.111906282,1.118591156,1.123045837,1.144106758,1.144308603,1.142020675,1.158355824,1.152098989,1.165119621,1.177114155,1.164262067,1.172351113,1.178830787,1.184244105,1.187713599,1.189744723
0.728500009,0.045201134,0.16183768,0.258801412,0.337980461,0.408549066,0.470947197,0.523087725,0.57495884,0.613796103,0.655486366,0.690578806,0.725651205,0.754963434,0.778576628,0.804356518,0.825374187,0.850237473,0.870927916,0.887647053,0.91018217,0.918740174,0.934069097,0.946137917,0.966722979,0.9721279,0.986839073,0.99895728,1.007975038,1.014219036,1.032731525,1.033513178,1.047671573,1.059345277,1.052078003,1.059170424,1.064290614,1.0857931,1.086652452,1.085262751,1.101590394,1.096086069,1.10949703,1.121422173,1.109893169,1.118334569,1.125306526,1.130662817,1.134927998,1.13725133,1.1381289
1.040093408,0.027847492,0.135876267,0.223953825,0.300804135,0.368171955,0.424745706,0.479859716,0.522301087,0.566589088,0.604190407,0.641365993,0.672831756,0.698542177,0.726054594,0.748675193,0.774923442,0.797057007,0.815007596,0.838742675,0.84872951,0.865204697,0.878199265,0.899553086,0.906115921,0.921728113,0.934514626,0.944685787,0.951757802,0.970582114,0.972560723,0.986888523,0.999529817,0.993136197,1.000884761,1.006434565,1.028090253,1.029913995,1.029198145,1.04589885,1.040944972,1.054572899,1.06689507,1.055876001,1.065079178,1.072407072,1.078261939,1.082494847,1.085611892,1.086789061,1.086513077
-0.621050587,0.012535455,0.109914854,0.193752583,0.266487527,0.327794845,0.386244464,0.432308906,0.47921747,0.519382072,0.558593999,0.592153179,0.620012306,0.649173578,0.67353256,0.700948343,0.724472697,0.743876541,0.76840733,0.780057423,0.79751896,0.811669219,0.833503399,0.841322047,0.857630275,0.871328325,0.882190179,0.890414294,0.909594876,0.912399551,0.927432622,0.940263869,0.935340811,0.943479387,0.949691519,0.971277326,0.973789712,0.97403489,0.990895274,0.986852999,1.000514691,1.013059729,1.002992131,1.012178553,1.020265187,1.026479574,1.031217352,1.034326877,1.036295785,1.036326793,1.034897254
-0.136773139,-0.002776583,0.087414962,0.165874513,0.232170919,0.294147252,0.343893097,0.393403699,0.436133854,0.477420281,0.51299759,0.542940366,0.573795288,0.599804978,0.628513674,0.653221492,0.674021952,0.699559486,0.71248701,0.731153045,0.746308411,0.768840837,0.777633568,0.794737216,0.809144628,0.820928538,0.829865732,0.849710675,0.85337764,0.868762629,0.882304521,0.878097662,0.887199056,0.893822577,0.915562691,0.918541467,0.91948917,0.936782153,0.933440968,0.947489098,0.96008441,0.950789974,0.960390172,0.968481105,0.975451197,0.980552076,0.984172765,0.986158907,0.986979679,0.985864524,1.009089342
-1.01600451,-0.016047015,0.066645832,0.137996444,0.203573746,0.257134901,0.309241979,0.354498491,0.397837306,0.43545849,0.467401182,0.499879154,0.527578269,0.557489035,0.583494788,0.605494642,0.631979665,0.64637902,0.665886743,0.682248668,0.705339971,0.71530536,0.732937702,0.748152385,0.760658982,0.770528751,0.790622396,0.795439182,0.811214713,0.825125707,0.822133719,0.831473008,0.8390573,0.860718037,0.864369449,0.865805609,0.883288809,0.880903048,0.895138096,0.908125197,0.899438988,0.909276804,0.917788212,0.924783657,0.930637206,0.934624578,0.937128177,0.937990937,0.937663572,0.960633389,0.957473519
-0.409371304,-0.028296645,0.045876701,0.114764719,0.172116855,0.226852068,0.274590861,0.319916084,0.359540758,0.393496698,0.427504325,0.456817942,0.487963682,0.515173093,0.538475901,0.565722267,0.58152892,0.602061965,0.619286477,0.643125166,0.654129421,0.672476978,0.688241836,0.701567554,0.712173336,0.73272891,0.738297949,0.754735562,0.769051786,0.766943145,0.777005618,0.784848353,0.806962797,0.811061228,0.813176207,0.830648369,0.828988268,0.843650312,0.856835225,0.849079345,0.859008707,0.867763633,0.875186253,0.881086209,0.885823215,0.888697081,0.89008359,0.889822967,0.913005519,0.910171121,0.905857696
0.327624093,-0.040546275,0.028569093,0.089209822,0.146379399,0.196569234,0.243789867,0.285333677,0.32124421,0.356780131,0.387607468,0.419908332,0.448349095,0.47285715,0.500960163,0.517995416,0.539486632,0.55774491,0.582006263,0.594220788,0.613160981,0.629648596,0.643545971,0.654982723,0.675809101,0.682329123,0.699054614,0.714031942,0.71283455,0.723306223,0.731877517,0.75376525,0.758821042,0.761404418,0.779047379,0.777912511,0.792787907,0.806397575,0.799380919,0.809715444,0.818578426,0.826250463,0.832584293,0.837388761,0.841009225,0.842769583,0.843039003,0.865738982,0.863689412,0.859708852,0.880049785
-0.94543225,-0.0507543,0.009530723,0.06830127,0.120641943,0.169651161,0.212988873,0.25075127,0.287734731,0.320063563,0.353410161,0.382998722,0.408734508,0.437593864,0.455941276,0.478223041,0.497444345,0.522291266,0.535405997,0.555097286,0.572192542,0.586820214,0.598850105,0.6200441,0.627323455,0.644529282,0.659811278,0.659760449,0.670671623,0.679669301,0.701792116,0.707140595,0.710679287,0.728299878,0.727854137,0.742755272,0.756587546,0.75051847,0.761078048,0.770351543,0.778148145,0.784737293,0.789982334,0.793691313,0.796195234,0.796842085,0.819516709,0.817571012,0.814373306,0.834477718,0.828433961
-0.706669162,-0.061983127,-0.006046125,0.047392718,0.097764204,0.142733087,0.182187879,0.220491663,0.254225251,0.28859222,0.319212855,0.346089111,0.375722352,0.395277922,0.418425538,0.438450665,0.463810515,0.477974211,0.498125783,0.515973785,0.531224102,0.543991832,0.565328206,0.573459269,0.59095922,0.606729441,0.607486831,0.61905683,0.628508697,0.65057802,0.656664015,0.660515941,0.678584783,0.678643068,0.693725309,0.707598033,0.702287004,0.713265733,0.722775177,0.730987642,0.737717864,0.743224123,0.747380375,0.749993865,0.751381243,0.773878336,0.772472122,0.769403042,0.789715252,0.784015449,0.776818138
-1.043024447,-0.071170349,-0.021622972,0.028807338,0.074886465,0.115815013,0.155237009,0.190232057,0.22550284,0.257120876,0.285015549,0.315331103,0.336107764,0.360014636,0.380909799,0.406632765,0.421768227,0.442520567,0.46084557,0.476850283,0.490255662,0.511870545,0.520632341,0.538520646,0.554594985,0.556329654,0.568243496,0.57835321,0.600400079,0.606941098,0.611535914,0.629432838,0.630443028,0.645538528,0.659596481,0.654862174,0.666086643,0.676012996,0.684472306,0.691623741,0.697287582,0.701710953,0.704778415,0.706296418,0.728974248,0.727950839,0.725427535,0.745319057,0.740399146,0.73355318,0.751010227
-1.2469935,-0.080357572,-0.035469059,0.010221959,0.052008726,0.092261698,0.12828614,0.164295252,0.196780429,0.225649533,0.256517794,0.278421493,0.303095608,0.324751351,0.350897208,0.36686039,0.388134397,0.407066923,0.423565357,0.437726781,0.459529332,0.469042163,0.487110441,0.503582023,0.506109339,0.518529813,0.529000161,0.551217463,0.558237152,0.563304176,0.581450513,0.582808183,0.598348525,0.612433988,0.608403239,0.619704935,0.629886282,0.638760259,0.646169435,0.65225984,0.656857301,0.660197783,0.662176456,0.684447694,0.684160257,0.682023341,0.701905241,0.697151087,0.691083039,0.708322046,0.699394404
-1.113866089,-0.088523992,-0.049315146,-0.008363421,0.031990705,0.068708384,0.105185394,0.138358447,0.168058018,0.199423413,0.222320488,0.247663484,0.270083452,0.296540722,0.31338147,0.33504249,0.354500568,0.371613279,0.386285143,0.408384154,0.418560893,0.436920877,0.453588542,0.456997192,0.469745104,0.480729973,0.502837937,0.510513844,0.516074225,0.534212895,0.536322412,0.55172508,0.566254022,0.562777178,0.574274411,0.584547696,0.593685921,0.601507523,0.607866564,0.612895939,0.61642702,0.618684612,0.640875476,0.640750246,0.639346267,0.659059592,0.654860654,0.648983117,0.666424986,0.657859777,0.673586492
-0.496116656,-0.096690412,-0.063161233,-0.024625628,0.011972683,0.048519828,0.082084649,0.112421641,0.144122676,0.16795207,0.193822732,0.216905476,0.243673728,0.261277437,0.283368879,0.303224589,0.320866738,0.336159635,0.358324983,0.369260652,0.387834563,0.40479959,0.408892677,0.422058568,0.433380869,0.455530079,0.463594602,0.469810224,0.487965607,0.490575973,0.506237011,0.520641977,0.518112266,0.529672638,0.540145584,0.549390457,0.55748556,0.564254786,0.569563693,0.573532038,0.575996739,0.597928027,0.598273517,0.597052798,0.616939271,0.613132094,0.607816067,0.624899132,0.61710888,0.632628643,0.64777858
-1.641594506,-0.104856831,-0.075276559,-0.040887835,-0.005185621,0.028331273,0.058983903,0.090807637,0.115400265,0.14172595,0.165324977,0.192299069,0.210661572,0.233066808,0.253356288,0.271406689,0.287232908,0.309569402,0.32104477,0.339918026,0.357108233,0.361971208,0.375370778,0.387119945,0.409138046,0.417730238,0.424351266,0.442674478,0.44580268,0.461484692,0.47615161,0.474017322,0.486017763,0.496568098,0.506016756,0.514233217,0.521285199,0.527002049,0.531260821,0.534168137,0.555781598,0.556414857,0.555671557,0.575204074,0.572125281,0.567204597,0.584293773,0.576731162,0.592450826,0.607397508,0.596162757
-0.325596546,-0.112002449,-0.087391886,-0.05482687,-0.022343925,0.008142717,0.039733282,0.064870832,0.091464922,0.115499831,0.142526773,0.161541061,0.184251847,0.20485618,0.223343697,0.239588789,0.262007535,0.274115758,0.29308461,0.310575399,0.316139793,0.329849922,0.341848878,0.36382753,0.372773811,0.379930398,0.398189043,0.401970858,0.417694062,0.43239341,0.431023509,0.442934219,0.45392326,0.463463559,0.471887928,0.479075978,0.485084838,0.489749312,0.49295795,0.514486186,0.515351317,0.514901687,0.534370578,0.531506626,0.52731129,0.544240848,0.537249186,0.552647177,0.567792773,0.556935239,0.570354846
1.064061846,-0.119148066,-0.097776451,-0.068765905,-0.039502229,-0.008681079,0.016632537,0.043256827,0.06752958,0.094518935,0.114029018,0.136934654,0.157842122,0.176645552,0.193331106,0.215725364,0.228373705,0.247525525,0.26512445,0.271451898,0.285413464,0.297728635,0.319500946,0.328888907,0.336409576,0.354730504,0.358945707,0.374835111,0.389585444,0.388756489,0.400938108,0.411851116,0.421828756,0.430359019,0.4377591,0.443918739,0.448884477,0.452496576,0.473806515,0.475122285,0.474921036,0.494145102,0.491768618,0.487809178,0.504904295,0.49831335,0.513726892,0.528563191,0.518476667,0.531704105,0.544546934
0.115679755,-0.125272881,-0.108161016,-0.082704939,-0.053800816,-0.028869634,-0.002618084,0.021642823,0.048381306,0.068292815,0.091230814,0.112328247,0.131432397,0.148434923,0.170821663,0.183907463,0.203148333,0.220935292,0.227844237,0.242109271,0.254687134,0.276314444,0.285979046,0.293950283,0.312166753,0.316930663,0.332783484,0.347699365,0.347422517,0.359665207,0.370852707,0.380768013,0.389734253,0.397254479,0.403630272,0.4087615,0.412684116,0.433870207,0.435503644,0.435758384,0.454705895,0.452631932,0.449166659,0.465960454,0.460090304,0.475349601,0.490204599,0.480395221,0.493818613,0.506472971,0.492931111
-0.848824033,-0.131397696,-0.118545581,-0.094320802,-0.07095912,-0.04569343,-0.021868706,0.00435162,0.024445963,0.04731192,0.068432609,0.08772184,0.105022672,0.127276952,0.140809072,0.160044038,0.17792296,0.185481648,0.199884077,0.212766645,0.234202914,0.244193158,0.252457147,0.270657868,0.275802518,0.29173077,0.30662126,0.306995745,0.319313899,0.330573926,0.340767306,0.34968491,0.35763975,0.364149939,0.369501444,0.373604261,0.394583935,0.396617471,0.397200773,0.416076434,0.414275614,0.411118762,0.427865679,0.422263006,0.437683309,0.452385852,0.443160012,0.456311236,0.46916056,0.456010702,0.467123199
-1.575241519,-0.137522511,-0.127199386,-0.108259836,-0.085257707,-0.062517227,-0.037269203,-0.017262385,0.005297689,0.026331024,0.045634405,0.063115433,0.085215379,0.099066323,0.118299629,0.136180613,0.14428913,0.158891415,0.171923917,0.193204894,0.203476584,0.212071871,0.230109214,0.235719245,0.251559695,0.266530876,0.267377925,0.279859999,0.291205282,0.301482645,0.310681906,0.318601807,0.325545246,0.331045399,0.335372616,0.356025641,0.358383574,0.359364734,0.378049337,0.376712533,0.373845333,0.390362177,0.38526372,0.400414282,0.415276313,0.406458355,0.419637718,0.432227251,0.419844454,0.430779568,0.441315288
-1.460290911,-0.142626523,-0.137583951,-0.119875699,-0.099556293,-0.075976263,-0.056519824,-0.034553588,-0.013850585,0.005350128,0.022836201,0.044660628,0.058805654,0.077908352,0.095790186,0.104362713,0.119063758,0.132301182,0.15328381,0.163862267,0.172750254,0.19065768,0.196587315,0.212426829,0.227316872,0.228731035,0.241215701,0.252724252,0.263096664,0.272391364,0.280596505,0.287518704,0.293450743,0.297940859,0.318308202,0.320868402,0.322183213,0.340738365,0.339746466,0.337348632,0.353630193,0.348849007,0.36396274,0.378565558,0.370462323,0.383494606,0.396115424,0.384059281,0.3951864,0.405548433,0.415507376
0.94869791,-0.148751338,-0.146237755,-0.131491561,-0.110995163,-0.09280006,-0.071920321,-0.051844792,-0.032998859,-0.015630767,0.005737548,0.020054222,0.03899836,0.056750381,0.065777595,0.080499288,0.093838386,0.11457436,0.12532365,0.134519641,0.152266034,0.158536394,0.174239383,0.189134414,0.190952637,0.203531142,0.215053478,0.225588506,0.234988046,0.243300082,0.250511104,0.256435601,0.261356239,0.281388589,0.284179374,0.285711163,0.304083033,0.303485629,0.301443595,0.317666681,0.313199911,0.328092421,0.34266176,0.33486811,0.348055327,0.360530857,0.349070837,0.359975296,0.370528347,0.380317299,0.389699465
-0.718468999,-0.153855351,-0.154891559,-0.140784251,-0.125293749,-0.106259097,-0.087320818,-0.069135995,-0.052147133,-0.031366439,-0.017060656,0.001599416,0.019191067,0.028539752,0.043268152,0.056635862,0.077021471,0.087984127,0.09736349,0.11495789,0.121539705,0.137122203,0.15189145,0.15419579,0.166709814,0.178331248,0.188891254,0.198452759,0.206879428,0.214208801,0.220425703,0.225352497,0.245308988,0.248284049,0.250050546,0.268132544,0.267882672,0.266232892,0.28229216,0.27830278,0.292984771,0.307335836,0.300059801,0.313019386,0.325648332,0.314603359,0.325548544,0.335891311,0.345870294,0.355086164,0.338083642
-1.431792462,-0.158959363,-0.161814603,-0.152400113,-0.136732619,-0.119718134,-0.102721315,-0.086427199,-0.066508338,-0.052347335,-0.034159309,-0.016855389,-0.007218658,0.007381781,0.020758709,0.040726912,0.051796098,0.061393894,0.078723384,0.085615263,0.101055485,0.115708012,0.118369551,0.130903375,0.142466991,0.153131354,0.162729031,0.171317013,0.17877081,0.18511752,0.190340302,0.209810946,0.213214484,0.215179509,0.232986132,0.232975305,0.231682311,0.247606524,0.243989289,0.25862083,0.27276963,0.265822666,0.278758821,0.291170662,0.280834341,0.29163961,0.30202625,0.311807326,0.32121224,0.304623896,0.31227573
-0.624297381,-0.163042573,-0.170468407,-0.161692803,-0.148171488,-0.13317717,-0.118121812,-0.099395602,-0.085656612,-0.068083006,-0.051257962,-0.041461795,-0.027025952,-0.01377619,0.005752413,0.016863487,0.026570726,0.043667072,0.050763224,0.066053512,0.080571265,0.083586725,0.096021618,0.107610959,0.118224168,0.12793146,0.136566807,0.144181266,0.150662192,0.156026238,0.175297602,0.178727843,0.181119981,0.198627239,0.198857304,0.197818065,0.21358213,0.210353787,0.224837853,0.238938879,0.232339349,0.245066081,0.257457841,0.247473214,0.258427346,0.268675862,0.278503956,0.287723341,0.271896134,0.279392761,0.286467818
1.259522209,-0.168146586,-0.177391451,-0.170985493,-0.159610358,-0.146636207,-0.129672184,-0.116686805,-0.100017818,-0.083818678,-0.074056166,-0.059916601,-0.046833245,-0.027881504,-0.01675703,-0.006999938,0.009753811,0.017076839,0.032123117,0.046491761,0.049844935,0.062172535,0.073673685,0.084318544,0.093981345,0.102731567,0.110404583,0.11704552,0.122553574,0.141480598,0.145212201,0.14764474,0.165072729,0.165522699,0.164728476,0.180239446,0.177381769,0.191727418,0.205686418,0.199574978,0.212124209,0.224309496,0.214855882,0.22562449,0.236020351,0.245712113,0.254981663,0.239555371,0.247238081,0.254161627,0.260659907
-0.740990025,-0.172229795,-0.184314494,-0.180278183,-0.171049227,-0.156730485,-0.145072681,-0.129655208,-0.114379023,-0.104799574,-0.09115482,-0.078371406,-0.060038108,-0.049039476,-0.039266473,-0.022908888,-0.015471562,-0.000649983,0.01348301,0.017149135,0.029360715,0.040758344,0.051325752,0.061026129,0.069738521,0.077531673,0.08424236,0.089909773,0.108499265,0.112389317,0.1151268,0.132103188,0.132978226,0.13241816,0.147664062,0.145082207,0.159281589,0.17310105,0.167383546,0.179893028,0.191909068,0.182796326,0.193554902,0.203775766,0.213613355,0.222748364,0.207937075,0.215471386,0.222580027,0.228930493,0.234851995
-0.264361917,-0.176313005,-0.191237538,-0.189570872,-0.179628379,-0.170189522,-0.156623054,-0.14262361,-0.133527297,-0.120535246,-0.108253473,-0.090674609,-0.079845401,-0.070197447,-0.054272768,-0.046772313,-0.032288477,-0.018376805,-0.014477149,-0.002412616,0.008876495,0.019344153,0.02897782,0.037733713,0.045495698,0.052331779,0.058080136,0.0763419,0.080390647,0.083298035,0.1000841,0.101020085,0.100883722,0.11586589,0.113535234,0.127503587,0.141181408,0.135848313,0.148232111,0.160211077,0.151478787,0.162039741,0.172253923,0.181927042,0.19120636,0.176820866,0.184414782,0.191387401,0.197921974,0.203699358,0.209044084
-0.601810757,-0.180396215,-0.198160581,-0.19654039,-0.191067248,-0.1802838,-0.168173427,-0.159914814,-0.147888503,-0.136270917,-0.119652575,-0.109129414,-0.099652695,-0.084302761,-0.076782212,-0.062681263,-0.049105392,-0.044967038,-0.033117256,-0.021974367,-0.011607725,-0.002070038,0.006629887,0.014441298,0.021252875,0.027131886,0.044999025,0.049206154,0.052282029,0.068752395,0.069998699,0.069936982,0.084836471,0.08276135,0.09647082,0.109924968,0.104981047,0.117221945,0.129080675,0.120847176,0.131263646,0.141283156,0.150952943,0.160078318,0.146392369,0.153857117,0.160892488,0.167303416,0.173263921,0.178468224,0.183236172
-1.274646973,-0.184479425,-0.203352864,-0.20583308,-0.1996464,-0.190378077,-0.183573924,-0.172883216,-0.162249708,-0.146761365,-0.136751228,-0.127584219,-0.112857557,-0.105460733,-0.091788507,-0.078590214,-0.074330764,-0.06269386,-0.051757363,-0.041536118,-0.032091944,-0.023484229,-0.015718046,-0.008851118,-0.002989948,0.014531939,0.018836801,0.022070407,0.03822772,0.039661113,0.039913298,0.05439543,0.052741967,0.06620908,0.079406406,0.074767729,0.086880866,0.098595577,0.090777804,0.101165226,0.111048506,0.120526571,0.129651963,0.11638087,0.123985374,0.130893368,0.137370195,0.143219431,0.148605868,0.153237089,0.157428261
-2.080227362,-0.187541833,-0.210275907,-0.212802597,-0.208225553,-0.203837114,-0.195124296,-0.185851619,-0.171823845,-0.162497037,-0.153849881,-0.139887423,-0.132664851,-0.119566047,-0.106794803,-0.102453639,-0.091147679,-0.080420682,-0.070397469,-0.061097869,-0.052576164,-0.04489842,-0.038065979,-0.032143533,-0.01511136,-0.010667955,-0.007325423,0.008502534,0.010119102,0.010569832,0.024870598,0.023312327,0.036694716,0.04965681,0.045277578,0.057189109,0.068780686,0.06134284,0.071626369,0.081483275,0.090833365,0.099769986,0.087050004,0.094532146,0.101578379,0.10792962,0.113847901,0.119135446,0.123947814,0.128005955,0.131620349
-1.307467936,-0.191625043,-0.21546819,-0.219772114,-0.219664422,-0.213931392,-0.206674669,-0.194497221,-0.186185051,-0.178232709,-0.165248983,-0.158342228,-0.145869713,-0.133671361,-0.129304246,-0.118362589,-0.107964594,-0.098147504,-0.089037576,-0.08065962,-0.073060384,-0.066312611,-0.060413912,-0.043789741,-0.039354183,-0.035867849,-0.020406534,-0.018633213,-0.017989515,-0.003975808,-0.005214803,0.007770776,0.020647464,0.01655227,0.028213164,0.039610489,0.032580325,0.042716471,0.052474933,0.061801325,0.070618224,0.058256815,0.065749024,0.072683422,0.079171384,0.084965871,0.090325607,0.095051461,0.099289761,0.102774821,0.105812437
-1.182331484,-0.19468745,-0.220660472,-0.229064804,-0.228243574,-0.22402567,-0.214374918,-0.207465623,-0.200546256,-0.188723157,-0.182347636,-0.170645431,-0.159074576,-0.154829332,-0.144310541,-0.134271539,-0.124781509,-0.115874326,-0.107677683,-0.100221371,-0.093544604,-0.087726802,-0.071587878,-0.067082157,-0.063597006,-0.048467796,-0.046568758,-0.045768959,-0.032043824,-0.03306709,-0.020257503,-0.007770776,-0.01144704,0,0.01114875,0.00445325,0.014480144,0.024090103,0.033323498,0.042119374,0.030187943,0.03750023,0.044448044,0.050834698,0.056764388,0.062002122,0.066803314,0.070967476,0.074631708,0.077543686,0.080004526
-0.402126097,-0.197749858,-0.227583516,-0.236034322,-0.236822726,-0.230755188,-0.22592529,-0.220434026,-0.210120393,-0.204458828,-0.193746738,-0.182948634,-0.178881869,-0.168934646,-0.159316837,-0.150180489,-0.141598424,-0.133601149,-0.126317789,-0.119783122,-0.114028824,-0.098433898,-0.093935811,-0.090374572,-0.075718418,-0.073667689,-0.072730982,-0.059336832,-0.060152442,-0.04761273,-0.035300204,-0.038853879,-0.027494291,-0.01655227,-0.022980077,-0.013125369,-0.003620036,0.005463735,0.014172062,0.002755473,0.009972803,0.016743645,0.023147065,0.028985974,0.034357393,0.039038373,0.04328102,0.046883491,0.049973655,0.052312552,0.054196614
-0.170181924,-0.201833068,-0.232775799,-0.243003839,-0.242542161,-0.240849466,-0.237475663,-0.229079628,-0.224481599,-0.214949276,-0.20514584,-0.20140344,-0.192086732,-0.183039961,-0.174323132,-0.166089439,-0.158415339,-0.151327971,-0.144957896,-0.139344873,-0.124270934,-0.119848089,-0.116283744,-0.10202078,-0.099961241,-0.098867583,-0.085812093,-0.086472579,-0.074206751,-0.062158371,-0.065385604,-0.05439543,-0.043541543,-0.04965681,-0.040044491,-0.030703989,-0.021720217,-0.013162634,-0.024130809,-0.016926477,-0.010242338,-0.00401294,0.001846085,0.00713725,0.011950398,0.016074624,0.019758727,0.022799506,0.025315601,0.027081418,0.028388703
-0.093375294,-0.204895475,-0.237968081,-0.247650184,-0.251121313,-0.250943744,-0.245175911,-0.24204803,-0.234055736,-0.225439724,-0.222244493,-0.213706643,-0.205291594,-0.197145275,-0.189329427,-0.181998389,-0.175232254,-0.169054793,-0.163598003,-0.149125748,-0.144755154,-0.14126228,-0.12745771,-0.125313195,-0.124204064,-0.11146753,-0.111974317,-0.100040452,-0.08826106,-0.091249652,-0.080428305,-0.069936982,-0.075636046,-0.06620908,-0.057108905,-0.048282608,-0.039820397,-0.05041537,-0.043282244,-0.036608428,-0.030457478,-0.024769525,-0.019454895,-0.014711474,-0.010456598,-0.006889125,-0.003763567,-0.001284479,0.000657548,0.001850283,0.002580791
-0.754202087,-0.207957883,-0.241429603,-0.254619701,-0.259700465,-0.257673262,-0.256726284,-0.250693632,-0.243629873,-0.241175396,-0.233643596,-0.226009846,-0.218496457,-0.211250589,-0.204335723,-0.19790734,-0.192049169,-0.186781615,-0.172918056,-0.168687499,-0.165239374,-0.151969375,-0.149805643,-0.148605611,-0.136325476,-0.136667424,-0.125055429,-0.113608325,-0.116369678,-0.105795293,-0.095471005,-0.101020085,-0.091683298,-0.08276135,-0.074173319,-0.065861228,-0.076020758,-0.069041739,-0.06243368,-0.056290378,-0.050672619,-0.04552611,-0.040755875,-0.036560198,-0.032863593,-0.029852874,-0.027285861,-0.025368464,-0.024000505,-0.023380851,0.002580791
-0.164856273,-0.209999487,-0.246621886,-0.261589219,-0.2654199,-0.26776754,-0.264426533,-0.259339234,-0.257991078,-0.251665844,-0.245042698,-0.23831305,-0.231701319,-0.225355903,-0.219342018,-0.21381629,-0.208866084,-0.195645026,-0.191558163,-0.18824925,-0.175481484,-0.173383566,-0.172153575,-0.160251818,-0.160568299,-0.149267371,-0.13813654,-0.140744072,-0.130423987,-0.120340933,-0.125556406,-0.116561637,-0.10773055,-0.09931362,-0.091237733,-0.101018467,-0.094120939,-0.087668107,-0.081585115,-0.075972329,-0.07088776,-0.066282695,-0.062056854,-0.058408922,-0.055270588,-0.052816622,-0.050808154,-0.049452449,-0.048658558,-0.023380851,-0.02322712
-1.819707416,-0.213061895,-0.251814168,-0.266235564,-0.273999052,-0.274497058,-0.272126781,-0.272307637,-0.267565215,-0.262156291,-0.2564418,-0.250616253,-0.244906181,-0.239461218,-0.234348314,-0.22972524,-0.217274541,-0.213371848,-0.210198269,-0.198030126,-0.195965703,-0.194797757,-0.183327542,-0.183544234,-0.17268971,-0.161867317,-0.164298764,-0.154311945,-0.144478296,-0.149432215,-0.140599106,-0.132103188,-0.123777801,-0.11586589,-0.125366561,-0.118597087,-0.112221119,-0.106294476,-0.100736551,-0.095654279,-0.0911029,-0.08703928,-0.083357834,-0.080257646,-0.077677584,-0.075780371,-0.074330448,-0.073536434,-0.048658558,-0.048611986,-0.049035032
0.172246643,-0.216124302,-0.25527569,-0.273205081,-0.279718486,-0.281226577,-0.283677154,-0.280953238,-0.277139352,-0.272646739,-0.267840902,-0.262919456,-0.258111044,-0.253566532,-0.249354609,-0.237679715,-0.234091456,-0.23109867,-0.219518323,-0.217591877,-0.216449923,-0.205504853,-0.205675475,-0.195190442,-0.184811122,-0.187067211,-0.177379876,-0.167879818,-0.172586914,-0.163977855,-0.155641807,-0.14764474,-0.139825053,-0.14897043,-0.142430975,-0.136175706,-0.1303213,-0.124920844,-0.119887986,-0.11533623,-0.111318041,-0.107795865,-0.104658814,-0.10210637,-0.100084579,-0.09874412,-0.097852741,-0.073536434,-0.073316612,-0.07384312,-0.074842944
-0.577899716,-0.218165907,-0.260467972,-0.277851426,-0.285437921,-0.291320854,-0.291377402,-0.28959884,-0.286713489,-0.283137187,-0.279240004,-0.27522266,-0.271315906,-0.267671846,-0.256857757,-0.253588665,-0.250908371,-0.239962081,-0.238158429,-0.237153627,-0.226692033,-0.226919044,-0.216849441,-0.206836649,-0.209053945,-0.199667158,-0.190460988,-0.195015565,-0.186641223,-0.178523496,-0.170684507,-0.163186291,-0.171919557,-0.165522699,-0.159495389,-0.153754326,-0.14842148,-0.143547212,-0.139039422,-0.135018181,-0.131533181,-0.12855245,-0.125959793,-0.123955094,-0.122491574,-0.121707869,-0.097852741,-0.097620419,-0.097974665,-0.099074254,-0.100650855
-1.404234409,-0.221228315,-0.263929494,-0.282497771,-0.294017073,-0.298050373,-0.299077651,-0.298244442,-0.296287626,-0.293627635,-0.290639106,-0.287525863,-0.284520769,-0.274724503,-0.271864052,-0.269497615,-0.259316829,-0.257688903,-0.256798536,-0.246934503,-0.247176253,-0.237626139,-0.228023407,-0.230129065,-0.221175357,-0.212267105,-0.216623211,-0.208583438,-0.200695532,-0.193069137,-0.185727208,-0.194269394,-0.187966808,-0.182074969,-0.176559803,-0.171332945,-0.166521661,-0.162173581,-0.158190857,-0.154700131,-0.151748322,-0.149309035,-0.147260773,-0.145803818,-0.14489857,-0.121707869,-0.121375035,-0.121704404,-0.122632718,-0.124305389,-0.126458767
-0.627831452,-0.22326992,-0.267391016,-0.289467288,-0.299736508,-0.304779891,-0.306777899,-0.306890044,-0.305861763,-0.304118083,-0.302038208,-0.299829067,-0.2911232,-0.288829817,-0.286870348,-0.27745209,-0.276133744,-0.275415725,-0.266118589,-0.266496254,-0.257418363,-0.248333235,-0.25037134,-0.241775273,-0.233296768,-0.237466999,-0.229704323,-0.222151311,-0.214749841,-0.207614777,-0.215812608,-0.209810946,-0.20401406,-0.198627239,-0.193624217,-0.188911565,-0.184621841,-0.180799949,-0.177342293,-0.174382082,-0.171963463,-0.17006562,-0.168561753,-0.167652542,-0.14489857,-0.144671618,-0.144897329,-0.145788389,-0.147290771,-0.149536523,-0.126458767
-1.202129337,-0.225311525,-0.272583299,-0.294113633,-0.305455942,-0.31150941,-0.314478148,-0.315535645,-0.3154359,-0.314608531,-0.31343731,-0.305980668,-0.304328062,-0.302935131,-0.294373495,-0.29336104,-0.292950659,-0.284279136,-0.284758696,-0.276277129,-0.267660473,-0.269747426,-0.261545307,-0.25342148,-0.257539592,-0.250066945,-0.242785435,-0.235719184,-0.22880415,-0.236706059,-0.230855309,-0.225352497,-0.220061312,-0.215179509,-0.210688631,-0.206490184,-0.202722022,-0.199426317,-0.196493728,-0.194064032,-0.192178603,-0.190822205,-0.189862732,-0.167652542,-0.167305565,-0.167635367,-0.168419622,-0.169872374,-0.171948825,-0.149536523,-0.152266678
-0.010240274,-0.228373932,-0.27604482,-0.298759978,-0.311175377,-0.318238928,-0.322178396,-0.324181247,-0.325010037,-0.325098978,-0.319136861,-0.318283872,-0.317532925,-0.309987789,-0.309379791,-0.30926999,-0.301359116,-0.302005958,-0.294078749,-0.286058005,-0.288144693,-0.280454521,-0.272719273,-0.276713896,-0.269661003,-0.262666892,-0.255866547,-0.249287058,-0.256912768,-0.251251699,-0.245898009,-0.240894049,-0.236108563,-0.231731779,-0.227753045,-0.224068804,-0.220822202,-0.218052686,-0.215645164,-0.213745983,-0.212393744,-0.211578791,-0.189862732,-0.189501266,-0.18971256,-0.190599116,-0.191941916,-0.193956359,-0.171948825,-0.174767657,-0.17807459
0.36773913,-0.230415537,-0.279506342,-0.303406323,-0.316894812,-0.324968447,-0.329878645,-0.332826849,-0.334584174,-0.330344202,-0.330535963,-0.330587075,-0.324135356,-0.324093103,-0.324386086,-0.317224466,-0.318176031,-0.310869369,-0.303398803,-0.305619756,-0.298386803,-0.291161617,-0.295067206,-0.288360104,-0.281782415,-0.275266839,-0.268947658,-0.276422804,-0.270967077,-0.26579734,-0.26094071,-0.256435601,-0.252155815,-0.248284049,-0.244817459,-0.241647423,-0.238922383,-0.236679054,-0.2347966,-0.233427933,-0.232608884,-0.211578791,-0.211163712,-0.21134999,-0.212119556,-0.213562864,-0.215464209,-0.193956359,-0.196606878,-0.199998792,-0.203882501
1.023289696,-0.232457142,-0.282967864,-0.308052668,-0.322614246,-0.331697965,-0.337578893,-0.341472451,-0.339371243,-0.34083465,-0.341935065,-0.336738677,-0.337340218,-0.338198417,-0.331889234,-0.333133416,-0.326584489,-0.31973278,-0.322038909,-0.315400631,-0.308628913,-0.312575808,-0.306241172,-0.300006311,-0.293903826,-0.287866786,-0.295109882,-0.289990677,-0.285021386,-0.28034298,-0.27598341,-0.271977152,-0.268203067,-0.264836319,-0.261881873,-0.259226043,-0.257022563,-0.255305423,-0.253948035,-0.253109884,-0.232608884,-0.232335376,-0.232464692,-0.233198714,-0.234526551,-0.236526613,-0.215464209,-0.218040344,-0.221264931,-0.225229926,-0.203882501
-2.568990071,-0.234498747,-0.286429386,-0.312699013,-0.328333681,-0.338427484,-0.345279142,-0.345795252,-0.34894538,-0.351325098,-0.347634616,-0.34904188,-0.350545081,-0.345251074,-0.346895529,-0.341087891,-0.334992946,-0.337459602,-0.331358963,-0.325181507,-0.329113133,-0.323282903,-0.317415139,-0.311652519,-0.306025238,-0.31306668,-0.308190994,-0.303558551,-0.299075695,-0.294888621,-0.29102611,-0.287518704,-0.284250318,-0.281388589,-0.278946287,-0.276804663,-0.275122744,-0.273931791,-0.273099471,-0.253109884,-0.252824025,-0.253091961,-0.253765672,-0.255047438,-0.256933546,-0.236526613,-0.238986503,-0.24212433,-0.245922985,-0.225229926,-0.229690413
-2.626815566,-0.236540352,-0.289890907,-0.317345358,-0.334053116,-0.345157002,-0.349129266,-0.354440853,-0.358519517,-0.356570322,-0.359033718,-0.361345084,-0.357147512,-0.359356388,-0.354398677,-0.349042366,-0.351809861,-0.346323013,-0.340679016,-0.344743258,-0.339355243,-0.333989999,-0.328589105,-0.323298727,-0.330268061,-0.325666627,-0.321272105,-0.317126424,-0.313130004,-0.309434262,-0.306068811,-0.303060255,-0.30029757,-0.297940859,-0.296010701,-0.294383282,-0.293222924,-0.292558159,-0.273099471,-0.272791834,-0.273039165,-0.273848546,-0.275066651,-0.276896162,-0.256933546,-0.259490362,-0.262508797,-0.266208315,-0.245922985,-0.250461061,-0.255498325
-1.697375648,-0.238581957,-0.293352429,-0.321991702,-0.339772551,-0.348521761,-0.356829514,-0.363086455,-0.363306585,-0.36706077,-0.37043282,-0.367496685,-0.370352374,-0.366409045,-0.361901825,-0.364951316,-0.360218319,-0.355186424,-0.359319123,-0.354524133,-0.349597352,-0.344697094,-0.339763071,-0.346591142,-0.342389473,-0.338266573,-0.334353217,-0.330694297,-0.327184312,-0.323979902,-0.321111511,-0.318601807,-0.316344822,-0.314493129,-0.313075115,-0.311961902,-0.311323105,-0.292558159,-0.292250906,-0.292473785,-0.293254306,-0.294605131,-0.296367631,-0.276896162,-0.279340542,-0.282454111,-0.28603109,-0.266208315,-0.270581038,-0.275692195,-0.255498325
-1.043080741,-0.240623562,-0.296813951,-0.326638047,-0.342632268,-0.35525128,-0.364529763,-0.367409256,-0.372880722,-0.377551218,-0.376132372,-0.379799889,-0.376954805,-0.373461702,-0.37690812,-0.372905791,-0.368626776,-0.372913246,-0.368639176,-0.364305009,-0.359839462,-0.35540419,-0.362111004,-0.35823735,-0.354510884,-0.35086652,-0.347434329,-0.34426217,-0.341238621,-0.338525543,-0.336154212,-0.334143358,-0.332392074,-0.331045399,-0.330139529,-0.329540521,-0.311323105,-0.311184528,-0.311402342,-0.312155735,-0.313469447,-0.315361716,-0.296367631,-0.298744886,-0.301747537,-0.30541786,-0.28603109,-0.2902923,-0.295239091,-0.275692195,-0.281306236
-0.337156914,-0.242665167,-0.300275472,-0.32896122,-0.348351703,-0.361980798,-0.368379887,-0.376054858,-0.382454859,-0.382796442,-0.387531474,-0.38595149,-0.383557237,-0.387567017,-0.384411268,-0.380860266,-0.385443691,-0.381776657,-0.377959229,-0.374085884,-0.370081572,-0.376818381,-0.37328497,-0.369883558,-0.366632296,-0.363466467,-0.360515441,-0.357830044,-0.35529293,-0.353071184,-0.351196912,-0.34968491,-0.348439325,-0.347597669,-0.347203943,-0.329540521,-0.329423285,-0.329810896,-0.330553777,-0.331837686,-0.333684587,-0.315361716,-0.317668611,-0.32059361,-0.324154532,-0.30541786,-0.309553384,-0.314376285,-0.295239091,-0.300923329,-0.307114148
-0.907898913,-0.244706772,-0.302006233,-0.333607565,-0.354071137,-0.365345558,-0.376080136,-0.384700459,-0.387241928,-0.393286889,-0.393231025,-0.392103092,-0.396762099,-0.394619674,-0.391914416,-0.396769216,-0.393852149,-0.390640068,-0.387279282,-0.38386676,-0.390565792,-0.387525476,-0.384458937,-0.381529765,-0.378753707,-0.376066414,-0.373596553,-0.371397917,-0.369347239,-0.367616824,-0.366239612,-0.365226461,-0.364486577,-0.364149939,-0.347203943,-0.347119141,-0.347523466,-0.348437264,-0.349705213,-0.351519636,-0.333684587,-0.336118301,-0.33896959,-0.342442334,-0.324154532,-0.328381609,-0.333075677,-0.314376285,-0.319897144,-0.326154464,-0.307114148
-3.250839088,-0.245727574,-0.305467755,-0.33825391,-0.356930855,-0.372075076,-0.383780384,-0.38902326,-0.396816065,-0.398532113,-0.398930576,-0.404406295,-0.40336453,-0.401672331,-0.406920711,-0.404723691,-0.402260606,-0.399503479,-0.396599336,-0.403428511,-0.400807902,-0.398232572,-0.395632903,-0.393175973,-0.390875119,-0.388666361,-0.386677664,-0.38496579,-0.383401548,-0.382162465,-0.381282313,-0.380768013,-0.380533829,-0.364149939,-0.364268357,-0.36469776,-0.365623646,-0.367063633,-0.368856648,-0.351519636,-0.353899728,-0.356874886,-0.36027057,-0.342442334,-0.346561528,-0.351345358,-0.333075677,-0.33846027,-0.344555198,-0.326154464,-0.332922059
-1.54504991,-0.247769179,-0.308929277,-0.340577082,-0.362650289,-0.378804594,-0.387630508,-0.397668862,-0.401603133,-0.403777337,-0.410329678,-0.410557897,-0.409966961,-0.415777645,-0.414423859,-0.412678166,-0.410669064,-0.40836689,-0.415239442,-0.413209386,-0.411050012,-0.408939667,-0.40680687,-0.404822181,-0.402996531,-0.401266308,-0.399758776,-0.398533663,-0.397455857,-0.396708105,-0.396325013,-0.396309564,-0.380533829,-0.380702209,-0.381332771,-0.38227638,-0.383723827,-0.385690001,-0.368856648,-0.371201587,-0.374114868,-0.377631471,-0.36027057,-0.364291058,-0.368968523,-0.351345358,-0.356597971,-0.362544255,-0.344555198,-0.351385598,-0.358729971
-0.42107928,-0.249810784,-0.310660038,-0.345223427,-0.368369724,-0.382169354,-0.395330757,-0.401991663,-0.406390202,-0.414267785,-0.416029229,-0.416709499,-0.423171824,-0.422830302,-0.421927007,-0.420632641,-0.419077521,-0.426093712,-0.424559496,-0.422990262,-0.421292122,-0.419646763,-0.417980836,-0.416468389,-0.415117942,-0.413866255,-0.412839888,-0.412101536,-0.411510166,-0.411253746,-0.411367714,-0.396309564,-0.39658108,-0.397254479,-0.398397185,-0.399854999,-0.401824007,-0.385690001,-0.388008084,-0.390883537,-0.394330009,-0.377631471,-0.38157155,-0.386139782,-0.368968523,-0.374309106,-0.380120265,-0.362544255,-0.369213251,-0.376616732,-0.358729971
-1.024063199,-0.250831587,-0.314121559,-0.349869772,-0.371229441,-0.388898872,-0.399180881,-0.406314464,-0.415964339,-0.419513009,-0.42172878,-0.429012702,-0.429774255,-0.429882959,-0.429430154,-0.428587116,-0.435894436,-0.434957123,-0.433879549,-0.432771137,-0.431534232,-0.430353858,-0.429154802,-0.428114596,-0.427239354,-0.426466202,-0.425921,-0.42566941,-0.425564475,-0.425799387,-0.411367714,-0.411851116,-0.412628332,-0.413806749,-0.415461599,-0.417433619,-0.401824007,-0.40431637,-0.407159519,-0.410565488,-0.394330009,-0.398388056,-0.40287253,-0.386139782,-0.391375518,-0.397272855,-0.380120265,-0.38662824,-0.393871304,-0.376616732,-0.384537882
-0.502354779,-0.252873192,-0.317583081,-0.352192944,-0.376948876,-0.392263631,-0.403031005,-0.414960066,-0.420751407,-0.424758233,-0.433127882,-0.435164304,-0.436376686,-0.436935616,-0.436933302,-0.444496067,-0.444302893,-0.443820534,-0.443199602,-0.442552013,-0.441776342,-0.441060954,-0.440328769,-0.439760804,-0.439360765,-0.439066148,-0.439002112,-0.439237283,-0.439618784,-0.425799387,-0.426410414,-0.427392668,-0.428675584,-0.430359019,-0.432526013,-0.417433619,-0.419924188,-0.422942738,-0.426310955,-0.410565488,-0.41454515,-0.419144641,-0.40287253,-0.407988506,-0.413782514,-0.397272855,-0.403642558,-0.410712225,-0.393871304,-0.401847867,-0.384537882
-1.496902127,-0.254914797,-0.319313842,-0.356839289,-0.379808593,-0.395628391,-0.410731254,-0.419282866,-0.425538476,-0.435248681,-0.438827433,-0.441315906,-0.442979117,-0.443988274,-0.451939598,-0.452450542,-0.452711351,-0.452683945,-0.452519656,-0.452332888,-0.452018452,-0.451768049,-0.451502735,-0.451407012,-0.451482177,-0.451666095,-0.452083223,-0.452805156,-0.439618784,-0.440345027,-0.441453114,-0.442934219,-0.444722835,-0.446911289,-0.432526013,-0.435012239,-0.438024369,-0.441569106,-0.426310955,-0.430247438,-0.43476029,-0.419144641,-0.424173509,-0.42983723,-0.413782514,-0.420236604,-0.427164852,-0.410712225,-0.418529357,-0.401847867,-0.410345794
-1.480436066,-0.255935599,-0.322775364,-0.359162462,-0.382668311,-0.402357909,-0.414581378,-0.423605667,-0.435112613,-0.440493905,-0.444526984,-0.447467507,-0.449581549,-0.458093588,-0.459442745,-0.460405017,-0.461119808,-0.461547356,-0.461839709,-0.462113764,-0.462260562,-0.462475145,-0.462676702,-0.46305322,-0.463603589,-0.464266042,-0.465164335,-0.452805156,-0.453673093,-0.454890668,-0.456495815,-0.458475771,-0.460770087,-0.446911289,-0.449590427,-0.452590858,-0.456124549,-0.441569106,-0.44546239,-0.449929389,-0.43476029,-0.439901226,-0.445474489,-0.42983723,-0.436189509,-0.443200353,-0.427164852,-0.43479621,-0.418529357,-0.427079001,-0.436153706
-1.103324631,-0.257977204,-0.324506125,-0.361485634,-0.388387745,-0.405722668,-0.418431502,-0.432251269,-0.439899681,-0.445739129,-0.450226535,-0.453619109,-0.462786411,-0.465146245,-0.466945893,-0.468359492,-0.469528266,-0.470410767,-0.471159762,-0.471894639,-0.472502672,-0.47318224,-0.473850668,-0.474699427,-0.475725,-0.476865989,-0.465164335,-0.466373029,-0.467727402,-0.469436309,-0.471538515,-0.474017322,-0.460770087,-0.463463559,-0.466654841,-0.470169478,-0.456124549,-0.460195475,-0.464613826,-0.449929389,-0.454975431,-0.460657811,-0.445474489,-0.451685954,-0.458596504,-0.443200353,-0.450687146,-0.43479621,-0.443187411,-0.452310136,-0.436153706
-0.884938387,-0.258998007,-0.326236886,-0.366131979,-0.391247463,-0.409087428,-0.426131751,-0.43657407,-0.44468675,-0.450984352,-0.455926086,-0.465922312,-0.469388842,-0.472198902,-0.474449041,-0.476313967,-0.477936723,-0.479274178,-0.480479816,-0.481675515,-0.482744782,-0.483889336,-0.485024634,-0.486345635,-0.487846412,-0.476865989,-0.478245447,-0.479940903,-0.481781711,-0.483981949,-0.486581216,-0.474017322,-0.476817339,-0.480015829,-0.483719255,-0.470169478,-0.47422473,-0.478821843,-0.464613826,-0.469611339,-0.475190571,-0.460657811,-0.466775469,-0.473534678,-0.458596504,-0.466164102,-0.450687146,-0.458880195,-0.467845464,-0.452310136,-0.461961617
-1.101794326,-0.260018809,-0.329698407,-0.368455152,-0.39410718,-0.415816946,-0.429981875,-0.440896871,-0.449473818,-0.456229576,-0.467325188,-0.472073914,-0.475991273,-0.479251559,-0.481952188,-0.484268442,-0.486345181,-0.488137589,-0.489799869,-0.49145639,-0.492986892,-0.494596431,-0.496198601,-0.497991843,-0.487846412,-0.489465936,-0.491326559,-0.493508776,-0.49583602,-0.49852759,-0.486581216,-0.489558874,-0.49286459,-0.496568098,-0.483719255,-0.487748097,-0.49232491,-0.478821843,-0.483765261,-0.48929329,-0.475190571,-0.481414397,-0.488076448,-0.473534678,-0.4810035,-0.466164102,-0.474209439,-0.48296418,-0.467845464,-0.47754127,-0.461961617
-1.191293426,-0.262060414,-0.331429168,-0.370778324,-0.399826615,-0.419181705,-0.433831999,-0.445219672,-0.454260887,-0.466720024,-0.473024739,-0.478225516,-0.482593705,-0.486304216,-0.489455336,-0.492222917,-0.494753638,-0.497001,-0.499119922,-0.501237265,-0.503229001,-0.505303527,-0.507372567,-0.497991843,-0.499967823,-0.502065883,-0.50440767,-0.507076649,-0.509890329,-0.49852759,-0.501623916,-0.505100425,-0.508911842,-0.496568098,-0.500783669,-0.505326717,-0.49232491,-0.497448211,-0.502916697,-0.48929329,-0.495405712,-0.502170982,-0.488076448,-0.495383402,-0.4810035,-0.489127851,-0.497731733,-0.48296418,-0.492503517,-0.47754127,-0.487769529
-1.98606837,-0.263081217,-0.333159929,-0.375424669,-0.402686332,-0.422546465,-0.437682123,-0.449542473,-0.463835024,-0.471965248,-0.47872429,-0.484377118,-0.489196136,-0.493356873,-0.496958484,-0.500177392,-0.503162096,-0.505864411,-0.508439976,-0.511018141,-0.513471111,-0.516010622,-0.507372567,-0.509638051,-0.512089235,-0.51466583,-0.517488782,-0.520644522,-0.509890329,-0.51307323,-0.516666616,-0.520641977,-0.508911842,-0.513120368,-0.517848083,-0.505326717,-0.510425091,-0.51607458,-0.502916697,-0.50897524,-0.515620852,-0.502170982,-0.509377428,-0.495383402,-0.503410495,-0.5120916,-0.497731733,-0.507048165,-0.492503517,-0.502772404,-0.487769529
-0.94294631,-0.264102019,-0.336621451,-0.377747841,-0.40554605,-0.425911224,-0.441532248,-0.458188074,-0.468622092,-0.477210472,-0.484423841,-0.490528719,-0.495798567,-0.50040953,-0.504461632,-0.508131867,-0.511570553,-0.514727822,-0.517760029,-0.520799016,-0.523713221,-0.516010622,-0.518546534,-0.521284258,-0.524210647,-0.527265776,-0.530569894,-0.520644522,-0.523944638,-0.527618871,-0.531709317,-0.520641977,-0.524959094,-0.529672638,-0.517848083,-0.522905336,-0.528525271,-0.51607458,-0.522068132,-0.528657191,-0.515620852,-0.522927567,-0.509377428,-0.517232126,-0.52581749,-0.5120916,-0.521254026,-0.507048165,-0.51716157,-0.502772404,-0.51357744
-1.20889685,-0.266143624,-0.338352212,-0.380071014,-0.408405767,-0.429275983,-0.449232496,-0.462510875,-0.473409161,-0.482455696,-0.490123392,-0.496680321,-0.502400998,-0.507462187,-0.511964779,-0.516086342,-0.519979011,-0.523591233,-0.527080082,-0.530579892,-0.523713221,-0.526717718,-0.5297205,-0.532930466,-0.536332058,-0.539865723,-0.530569894,-0.534212396,-0.537998947,-0.542164512,-0.531709317,-0.536183528,-0.541006346,-0.529672638,-0.534912497,-0.540483956,-0.528525271,-0.534700948,-0.541219568,-0.528657191,-0.535835993,-0.522927567,-0.530678408,-0.53908085,-0.52581749,-0.535055348,-0.521254026,-0.53113215,-0.51716157,-0.528003539,-0.539385352
-0.206338226,-0.267164427,-0.340082972,-0.382394186,-0.411265484,-0.436005501,-0.45308262,-0.466833676,-0.478196229,-0.48770092,-0.495822943,-0.502831923,-0.509003429,-0.514514845,-0.519467927,-0.524040817,-0.528387468,-0.532454644,-0.536400136,-0.530579892,-0.533955331,-0.537424813,-0.540894466,-0.544576674,-0.54845347,-0.539865723,-0.543651006,-0.547780269,-0.552053256,-0.542164512,-0.546752017,-0.55172508,-0.541006346,-0.546224908,-0.551976911,-0.540483956,-0.546625452,-0.553327317,-0.541219568,-0.548339141,-0.535835993,-0.543684152,-0.551979387,-0.53908085,-0.548224486,-0.535055348,-0.54477632,-0.53113215,-0.541819624,-0.553234673,-0.539385352
-0.142008266,-0.268185229,-0.341813733,-0.384717359,-0.416984919,-0.439370261,-0.456932745,-0.471156477,-0.482983298,-0.492946144,-0.501522494,-0.508983524,-0.515605861,-0.521567502,-0.526971075,-0.531995292,-0.536795926,-0.541318055,-0.536400136,-0.540360767,-0.544197441,-0.548131909,-0.552068433,-0.556222882,-0.54845347,-0.55246567,-0.556732118,-0.561348142,-0.552053256,-0.556710152,-0.561794718,-0.55172508,-0.557053597,-0.562777178,-0.551976911,-0.558062575,-0.564725632,-0.553327317,-0.560371003,-0.548339141,-0.556051134,-0.564440737,-0.551979387,-0.560929574,-0.548224486,-0.558019097,-0.54477632,-0.555216135,-0.566477677,-0.553234673,-0.565193263
-1.160873741,-0.269206032,-0.343544494,-0.389363704,-0.419844636,-0.44273502,-0.460782869,-0.475479278,-0.487770366,-0.498191368,-0.507222045,-0.515135126,-0.522208292,-0.528620159,-0.534474222,-0.539949767,-0.545204383,-0.541318055,-0.545720189,-0.550141643,-0.554439551,-0.558839004,-0.563242399,-0.556222882,-0.560574881,-0.565065617,-0.569813229,-0.561348142,-0.566107565,-0.571255793,-0.561794718,-0.567266631,-0.573100849,-0.562777178,-0.569041325,-0.575641195,-0.564725632,-0.571953685,-0.560371003,-0.568021092,-0.576266274,-0.564440737,-0.573280367,-0.560929574,-0.570631481,-0.558019097,-0.568298614,-0.57930012,-0.566477677,-0.578465807,-0.565193263
-1.726419121,-0.270226834,-0.347006016,-0.391686876,-0.422704354,-0.446099779,-0.464632993,-0.479802079,-0.492557435,-0.503436592,-0.512921596,-0.521286728,-0.528810723,-0.535672816,-0.54197737,-0.547904242,-0.545204383,-0.550181466,-0.555040242,-0.559922518,-0.564681661,-0.5695461,-0.563242399,-0.567869089,-0.572696293,-0.577665564,-0.569813229,-0.574916015,-0.580161874,-0.571255793,-0.576837418,-0.582808183,-0.573100849,-0.579329448,-0.586105738,-0.575641195,-0.582825813,-0.571953685,-0.579522439,-0.587703042,-0.576266274,-0.585197322,-0.573280367,-0.582778298,-0.570631481,-0.580982846,-0.591820907,-0.57930012,-0.59113573,-0.578465807,-0.591001175
-2.000072603,-0.272268439,-0.348736777,-0.394010049,-0.425564071,-0.449464538,-0.468483117,-0.48412488,-0.497344503,-0.508681816,-0.518621148,-0.527438329,-0.535413154,-0.542725473,-0.549480518,-0.547904242,-0.553612841,-0.559044877,-0.564360296,-0.569703394,-0.574923771,-0.5695461,-0.574416365,-0.579515297,-0.584817705,-0.577665564,-0.582894341,-0.588483889,-0.580161874,-0.585801434,-0.591880118,-0.582808183,-0.589148101,-0.595881718,-0.586105738,-0.593219815,-0.582825813,-0.590580053,-0.598673875,-0.587703042,-0.596481415,-0.585197322,-0.594581347,-0.582778298,-0.593038476,-0.603946595,-0.591820907,-0.603384105,-0.59113573,-0.603696942,-0.591001175
-0.942951854,-0.273289242,-0.350467538,-0.396333221,-0.428423788,-0.452829298,-0.472333242,-0.48844768,-0.502131572,-0.513927039,-0.524320699,-0.533589931,-0.542015585,-0.54977813,-0.549480518,-0.555858717,-0.562021298,-0.567908288,-0.573680349,-0.579484269,-0.574923771,-0.580253195,-0.585590332,-0.591161505,-0.584817705,-0.590265511,-0.595975453,-0.588483889,-0.594216183,-0.600347074,-0.591880118,-0.598349735,-0.605195352,-0.595881718,-0.603170152,-0.593219815,-0.600925993,-0.609206422,-0.598673875,-0.607384993,-0.596481415,-0.605953907,-0.594581347,-0.604627022,-0.615445472,-0.603946595,-0.615343201,-0.603384105,-0.615793783,-0.603696942,-0.616809087
-1.294210152,-0.274310044,-0.352198299,-0.398656394,-0.431283506,-0.456194057,-0.476183366,-0.492770481,-0.50691864,-0.519172263,-0.53002025,-0.539741533,-0.548618017,-0.54977813,-0.556983666,-0.563813192,-0.570429756,-0.576771699,-0.583000402,-0.579484269,-0.585165881,-0.590960291,-0.596764298,-0.591161505,-0.596939116,-0.602865458,-0.595975453,-0.602051762,-0.608270492,-0.600347074,-0.606922819,-0.613891286,-0.605195352,-0.612433988,-0.603170152,-0.610798434,-0.619026174,-0.609206422,-0.61782531,-0.607384993,-0.616696555,-0.605953907,-0.615882327,-0.626475746,-0.615445472,-0.626910344,-0.615343201,-0.62746809,-0.615793783,-0.628928076,-0.616809087
-1.720507909,-0.275330847,-0.353929059,-0.400979566,-0.434143223,-0.459558816,-0.48003349,-0.497093282,-0.511705709,-0.524417487,-0.535719801,-0.545893135,-0.548618017,-0.556830787,-0.564486813,-0.571767668,-0.578838213,-0.58563511,-0.583000402,-0.589265145,-0.595407991,-0.601667386,-0.596764298,-0.602807713,-0.609060528,-0.602865458,-0.609056565,-0.615619635,-0.608270492,-0.614892715,-0.621965519,-0.613891286,-0.621242604,-0.612433988,-0.620234566,-0.628377054,-0.619026174,-0.62783279,-0.61782531,-0.627066943,-0.616696555,-0.626710492,-0.637183306,-0.626475746,-0.637852467,-0.626910344,-0.638865494,-0.62746809,-0.640451837,-0.628928076,-0.642616998
-1.338161389,-0.276351649,-0.35565982,-0.403302738,-0.43700294,-0.462923575,-0.483883614,-0.501416083,-0.516492777,-0.529662711,-0.541419352,-0.545893135,-0.555220448,-0.563883444,-0.571989961,-0.579722143,-0.587246671,-0.58563511,-0.592320456,-0.59904602,-0.605650101,-0.601667386,-0.607938265,-0.61445392,-0.609060528,-0.615465405,-0.622137677,-0.615619635,-0.622324801,-0.629438355,-0.621965519,-0.629432838,-0.621242604,-0.628986258,-0.63729898,-0.628377054,-0.637126354,-0.62783279,-0.636976746,-0.627066943,-0.636911696,-0.647467077,-0.637183306,-0.64832447,-0.637852467,-0.649874093,-0.638865494,-0.651552075,-0.640451837,-0.654159211,-0.642616998
-2.006863102,-0.277372452,-0.357390581,-0.405625911,-0.439862658,-0.466288335,-0.487733739,-0.505738884,-0.521279846,-0.534907935,-0.541419352,-0.552044736,-0.561822879,-0.570936101,-0.579493109,-0.587676618,-0.587246671,-0.594498521,-0.601640509,-0.608826896,-0.605650101,-0.612374482,-0.619112231,-0.61445392,-0.621181939,-0.628065351,-0.622137677,-0.629187508,-0.63637911,-0.629438355,-0.63700822,-0.629432838,-0.637289856,-0.645538528,-0.63729898,-0.645955673,-0.637126354,-0.646459158,-0.636976746,-0.646748894,-0.657126837,-0.647467077,-0.658484286,-0.64832447,-0.660259462,-0.649874093,-0.662387788,-0.651552075,-0.66510989,-0.654159211,-0.642616998
-0.693934236,-0.278393254,-0.359121342,-0.407949083,-0.442722375,-0.469653094,-0.491583863,-0.510061685,-0.526066914,-0.534907935,-0.547118903,-0.558196338,-0.56842531,-0.577988759,-0.586996256,-0.587676618,-0.595655128,-0.603361932,-0.610960562,-0.608826896,-0.615892211,-0.623081577,-0.619112231,-0.626100128,-0.633303351,-0.628065351,-0.635218788,-0.642755382,-0.63637911,-0.643983996,-0.63700822,-0.644974389,-0.653337107,-0.645538528,-0.654363394,-0.645955673,-0.655226535,-0.646459158,-0.656128181,-0.666430844,-0.657126837,-0.668223662,-0.658484286,-0.670173194,-0.660259462,-0.672837842,-0.662387788,-0.67563606,-0.66510989,-0.654159211,-0.66842491
-1.844198848,-0.279414057,-0.360852103,-0.410272256,-0.445582092,-0.473017853,-0.495433987,-0.514384486,-0.526066914,-0.540153159,-0.552818454,-0.56434794,-0.575027741,-0.585041416,-0.586996256,-0.595631093,-0.604063586,-0.612225343,-0.610960562,-0.618607771,-0.626134321,-0.623081577,-0.630286197,-0.637746336,-0.633303351,-0.640665298,-0.6482999,-0.642755382,-0.650433418,-0.643983996,-0.65205092,-0.660515941,-0.653337107,-0.662090798,-0.654363394,-0.663534293,-0.655226535,-0.665085527,-0.675279617,-0.666430844,-0.677341977,-0.668223662,-0.679785266,-0.670173194,-0.682666458,-0.672837842,-0.685910082,-0.67563606,-0.66510989,-0.679390345,-0.66842491
-0.17766659,-0.280434859,-0.362582864,-0.412595428,-0.44844181,-0.476382612,-0.499284111,-0.514384486,-0.530853983,-0.545398383,-0.558518005,-0.570499541,-0.581630173,-0.585041416,-0.594499404,-0.603585568,-0.612472043,-0.612225343,-0.620280616,-0.628388647,-0.626134321,-0.633788673,-0.641460164,-0.637746336,-0.645424762,-0.653265245,-0.6482999,-0.656323255,-0.650433418,-0.658529637,-0.66709362,-0.660515941,-0.669384359,-0.662090798,-0.671427808,-0.663534293,-0.673326715,-0.683711895,-0.675279617,-0.686112795,-0.677341977,-0.688980247,-0.679785266,-0.692021918,-0.682666458,-0.69580159,-0.685910082,-0.67563606,-0.689767943,-0.679390345,-0.694232821
-1.003786666,-0.281455662,-0.364313625,-0.414918601,-0.451301527,-0.479747372,-0.499284111,-0.518707287,-0.535641051,-0.550643607,-0.564217556,-0.576651143,-0.581630173,-0.592094073,-0.602002552,-0.611540043,-0.612472043,-0.621088754,-0.629600669,-0.628388647,-0.636376431,-0.644495768,-0.641460164,-0.649392543,-0.657546174,-0.653265245,-0.661381012,-0.656323255,-0.664487727,-0.673075277,-0.66709362,-0.676057492,-0.669384359,-0.678643068,-0.671427808,-0.681112912,-0.691426896,-0.683711895,-0.694431052,-0.686112795,-0.697557118,-0.688980247,-0.701086245,-0.692021918,-0.705073453,-0.69580159,-0.685910082,-0.699720045,-0.689767943,-0.704621479,-0.694232821
-0.818803797,-0.282476464,-0.366044386,-0.417241773,-0.454161245,-0.479747372,-0.503134235,-0.523030087,-0.54042812,-0.555888831,-0.569917107,-0.576651143,-0.588232604,-0.59914673,-0.6095057,-0.611540043,-0.620880501,-0.629952165,-0.629600669,-0.638169522,-0.646618541,-0.644495768,-0.65263413,-0.661038751,-0.657546174,-0.665865192,-0.661381012,-0.669891128,-0.678542036,-0.673075277,-0.682136321,-0.676057492,-0.685431611,-0.678643068,-0.688492222,-0.698691532,-0.691426896,-0.702338264,-0.694431052,-0.705794745,-0.697557118,-0.709736832,-0.701086245,-0.713870642,-0.705073453,-0.69580159,-0.709432375,-0.699720045,-0.714425997,-0.704621479,-0.720040733
-2.512398178,-0.283497266,-0.367775146,-0.419564946,-0.454161245,-0.483112131,-0.50698436,-0.527352888,-0.545215188,-0.561134055,-0.569917107,-0.582802745,-0.594835035,-0.606199387,-0.6095057,-0.619494518,-0.629288958,-0.629952165,-0.638920722,-0.647950398,-0.646618541,-0.655202864,-0.663808097,-0.661038751,-0.669667586,-0.665865192,-0.674462124,-0.683459001,-0.678542036,-0.687620918,-0.682136321,-0.691599044,-0.685431611,-0.695195338,-0.705556636,-0.698691532,-0.709527076,-0.702338264,-0.713582488,-0.705794745,-0.717772258,-0.709736832,-0.722387225,-0.713870642,-0.705073453,-0.718765339,-0.709432375,-0.72380403,-0.714425997,-0.729852614,-0.720040733
-1.253207912,-0.284518069,-0.369505907,-0.419564946,-0.457020962,-0.48647689,-0.510834484,-0.531675689,-0.550002257,-0.561134055,-0.575616658,-0.588954346,-0.601437466,-0.606199387,-0.617008847,-0.627448993,-0.629288958,-0.638815576,-0.648240776,-0.647950398,-0.656860651,-0.665909959,-0.663808097,-0.672684959,-0.669667586,-0.678465139,-0.687543235,-0.683459001,-0.692596345,-0.687620918,-0.697179021,-0.691599044,-0.701478863,-0.711747608,-0.705556636,-0.716270151,-0.709527076,-0.720964632,-0.713582488,-0.725476696,-0.717772258,-0.730493417,-0.722387225,-0.713870642,-0.727480448,-0.718765339,-0.732954669,-0.72380403,-0.73908405,-0.729852614,-0.720040733
-0.687137906,-0.285538871,-0.369505907,-0.421888118,-0.459880679,-0.489841649,-0.514684608,-0.53599849,-0.550002257,-0.566379279,-0.581316209,-0.595105948,-0.601437466,-0.613252044,-0.624511995,-0.627448993,-0.637697416,-0.647678987,-0.648240776,-0.657731273,-0.66710276,-0.665909959,-0.674982063,-0.672684959,-0.681788997,-0.691065086,-0.687543235,-0.697026875,-0.692596345,-0.702166559,-0.697179021,-0.707140595,-0.717526114,-0.711747608,-0.72262105,-0.716270151,-0.727627257,-0.720964632,-0.732733923,-0.725476696,-0.737987399,-0.730493417,-0.722387225,-0.735719366,-0.727480448,-0.741729088,-0.732954669,-0.747888015,-0.73908405,-0.729852614,-0.745848644
-2.381394959,-0.285538871,-0.371236668,-0.424211291,-0.462740397,-0.493206408,-0.518534732,-0.53599849,-0.554789325,-0.571624503,-0.58701576,-0.595105948,-0.608039897,-0.620304701,-0.624511995,-0.635403468,-0.646105873,-0.647678987,-0.657560829,-0.667512149,-0.66710276,-0.676617055,-0.674982063,-0.684331167,-0.693910409,-0.691065086,-0.700624347,-0.697026875,-0.706650654,-0.702166559,-0.712221722,-0.722682147,-0.717526114,-0.728299878,-0.72262105,-0.733848771,-0.727627257,-0.739591,-0.732733923,-0.745158646,-0.737987399,-0.730493417,-0.743688205,-0.735719366,-0.749887444,-0.741729088,-0.756476962,-0.747888015,-0.73908405,-0.755083748,-0.745848644
-1.699016876,-0.286559674,-0.372967429,-0.426534463,-0.465600114,-0.496571168,-0.518534732,-0.540321291,-0.559576394,-0.576869726,-0.58701576,-0.60125755,-0.614642329,-0.620304701,-0.632015143,-0.643357943,-0.646105873,-0.656542398,-0.666880882,-0.667512149,-0.67734487,-0.676617055,-0.686156029,-0.695977374,-0.693910409,-0.703665033,-0.700624347,-0.710594748,-0.706650654,-0.716712199,-0.727264422,-0.722682147,-0.733573366,-0.728299878,-0.739685464,-0.733848771,-0.745727437,-0.739591,-0.751885359,-0.745158646,-0.737987399,-0.751250003,-0.743688205,-0.75756809,-0.749887444,-0.764692837,-0.756476962,-0.747888015,-0.763742103,-0.755083748,-0.771656556
-1.405287835,-0.287580476,-0.37469819,-0.428857635,-0.468459831,-0.496571168,-0.522384857,-0.544644092,-0.564363462,-0.576869726,-0.592715311,-0.607409151,-0.614642329,-0.627357358,-0.63951829,-0.643357943,-0.654514331,-0.665405809,-0.666880882,-0.677293024,-0.67734487,-0.68732415,-0.697329996,-0.695977374,-0.70603182,-0.703665033,-0.713705459,-0.710594748,-0.720704963,-0.73125784,-0.727264422,-0.738223698,-0.733573366,-0.744852148,-0.739685464,-0.751427391,-0.745727437,-0.758217369,-0.751885359,-0.745158646,-0.758202539,-0.751250003,-0.764989185,-0.75756809,-0.772294439,-0.764692837,-0.756476962,-0.771972,-0.763742103,-0.780314882,-0.771656556
-2.816123715,-0.288601279,-0.376428951,-0.431180808,-0.468459831,-0.499935927,-0.526234981,-0.548966893,-0.564363462,-0.58211495,-0.598414862,-0.607409151,-0.62124476,-0.634410015,-0.63951829,-0.651312418,-0.662922788,-0.665405809,-0.676200936,-0.677293024,-0.68758698,-0.698031246,-0.697329996,-0.707623582,-0.70603182,-0.716264979,-0.713705459,-0.724162621,-0.734759272,-0.73125784,-0.742307122,-0.738223698,-0.749620618,-0.744852148,-0.756749878,-0.751427391,-0.763827618,-0.758217369,-0.751885359,-0.764840597,-0.758202539,-0.772006588,-0.764989185,-0.779416814,-0.772294439,-0.764692837,-0.779999256,-0.771972,-0.788400156,-0.780314882,-0.797464468
-1.132951015,-0.289622081,-0.378159712,-0.431180808,-0.471319549,-0.503300686,-0.530085105,-0.548966893,-0.569150531,-0.587360174,-0.598414862,-0.613560753,-0.627847191,-0.634410015,-0.647021438,-0.659266893,-0.662922788,-0.67426922,-0.676200936,-0.6870739,-0.69782909,-0.698031246,-0.708503962,-0.707623582,-0.718153232,-0.716264979,-0.726786571,-0.737730494,-0.734759272,-0.745803481,-0.742307122,-0.75376525,-0.749620618,-0.761404418,-0.756749878,-0.76900601,-0.763827618,-0.758217369,-0.771036794,-0.764840597,-0.77841768,-0.772006588,-0.786290164,-0.779416814,-0.772294439,-0.787656586,-0.779999256,-0.796055985,-0.788400156,-0.805546017,-0.797464468
-0.607053772,-0.290642884,-0.378159712,-0.43350398,-0.474179266,-0.506665445,-0.530085105,-0.553289694,-0.573937599,-0.587360174,-0.604114413,-0.619712355,-0.627847191,-0.641462672,-0.654524586,-0.659266893,-0.671331246,-0.67426922,-0.685520989,-0.696854775,-0.69782909,-0.708738341,-0.708503962,-0.71926979,-0.718153232,-0.728864926,-0.739867683,-0.737730494,-0.748813581,-0.745803481,-0.757349823,-0.75376525,-0.765667869,-0.761404418,-0.773814292,-0.76900601,-0.763827618,-0.776843737,-0.771036794,-0.784522547,-0.77841768,-0.792763173,-0.786290164,-0.779416814,-0.794701434,-0.787656586,-0.80352155,-0.796055985,-0.81305821,-0.805546017,-0.797464468
-2.31273036,-0.290642884,-0.379890472,-0.435827153,-0.477038983,-0.506665445,-0.533935229,-0.557612494,-0.573937599,-0.592605398,-0.609813964,-0.619712355,-0.634449622,-0.64851533,-0.654524586,-0.667221368,-0.671331246,-0.683132631,-0.694841042,-0.696854775,-0.7080712,-0.708738341,-0.719677929,-0.71926979,-0.730274644,-0.741464873,-0.739867683,-0.751298367,-0.748813581,-0.760349121,-0.757349823,-0.769306802,-0.765667869,-0.777956688,-0.773814292,-0.76900601,-0.781927798,-0.776843737,-0.79018823,-0.784522547,-0.798632821,-0.792763173,-0.786290164,-0.801265538,-0.794701434,-0.810620335,-0.80352155,-0.82013997,-0.81305821,-0.805546017,-0.823272379
-1.107772453,-0.291663686,-0.381621233,-0.438150325,-0.477038983,-0.510030205,-0.537785354,-0.557612494,-0.578724668,-0.597850622,-0.609813964,-0.625863957,-0.641052053,-0.64851533,-0.662027734,-0.667221368,-0.679739703,-0.691996042,-0.694841042,-0.706635651,-0.7080712,-0.719445437,-0.719677929,-0.730915998,-0.742396055,-0.741464873,-0.752948794,-0.751298367,-0.76286789,-0.760349121,-0.772392523,-0.769306802,-0.781715121,-0.777956688,-0.773814292,-0.78658463,-0.781927798,-0.795470105,-0.79018823,-0.804204498,-0.798632821,-0.792763173,-0.807591144,-0.801265538,-0.81710843,-0.810620335,-0.827043843,-0.82013997,-0.81305821,-0.830777151,-0.823272379
-2.775705856,-0.292684489,-0.383351994,-0.438150325,-0.479898701,-0.513394964,-0.537785354,-0.561935295,-0.583511736,-0.597850622,-0.615513515,-0.632015558,-0.641052053,-0.655567987,-0.662027734,-0.675175843,-0.688148161,-0.691996042,-0.704161096,-0.706635651,-0.71831331,-0.719445437,-0.730851895,-0.742562205,-0.742396055,-0.75406482,-0.752948794,-0.764866241,-0.76286789,-0.774894762,-0.772392523,-0.784848353,-0.781715121,-0.777956688,-0.790878706,-0.78658463,-0.800027979,-0.795470105,-0.809339665,-0.804204498,-0.798632821,-0.813519758,-0.807591144,-0.823114262,-0.81710843,-0.833584084,-0.827043843,-0.82013997,-0.837716263,-0.830777151,-0.823272379
-1.507221966,-0.293705291,-0.383351994,-0.440473498,-0.482758418,-0.513394964,-0.541635478,-0.566258096,-0.583511736,-0.603095846,-0.621213066,-0.632015558,-0.647654485,-0.655567987,-0.669530881,-0.683130318,-0.688148161,-0.700859453,-0.704161096,-0.716416526,-0.71831331,-0.730152532,-0.742025861,-0.742562205,-0.754517467,-0.75406482,-0.766029906,-0.764866241,-0.776922199,-0.774894762,-0.787435224,-0.784848353,-0.781715121,-0.794508958,-0.790878706,-0.804163249,-0.800027979,-0.814096474,-0.809339665,-0.804204498,-0.818847961,-0.813519758,-0.828892124,-0.823114262,-0.839515425,-0.833584084,-0.827043843,-0.844223955,-0.837716263,-0.830777151,-0.849080291
-3.084298811,-0.293705291,-0.385082755,-0.44279667,-0.482758418,-0.516759723,-0.545485602,-0.566258096,-0.588298805,-0.60834107,-0.621213066,-0.63816716,-0.647654485,-0.662620644,-0.677034029,-0.683130318,-0.696556618,-0.700859453,-0.713481149,-0.716416526,-0.72855542,-0.740859628,-0.742025861,-0.754208413,-0.754517467,-0.766664767,-0.766029906,-0.778434114,-0.776922199,-0.789440402,-0.787435224,-0.784848353,-0.797762373,-0.794508958,-0.80794312,-0.804163249,-0.818128159,-0.814096474,-0.809339665,-0.823886449,-0.818847961,-0.834276343,-0.828892124,-0.844962986,-0.839515425,-0.833584084,-0.850566137,-0.844223955,-0.837716263,-0.856008286,-0.849080291
-0.352212761,-0.294726094,-0.386813516,-0.44279667,-0.485618135,-0.520124482,-0.545485602,-0.570580897,-0.593085873,-0.60834107,-0.626912617,-0.63816716,-0.654256916,-0.669673301,-0.677034029,-0.691084794,-0.696556618,-0.709722864,-0.713481149,-0.726197402,-0.73879753,-0.740859628,-0.753199828,-0.754208413,-0.766638878,-0.766664767,-0.779111018,-0.778434114,-0.790976508,-0.789440402,-0.787435224,-0.800389905,-0.797762373,-0.811061228,-0.80794312,-0.821741869,-0.818128159,-0.814096474,-0.828491101,-0.823886449,-0.839063102,-0.834276343,-0.850193103,-0.844962986,-0.839515425,-0.856547832,-0.850566137,-0.844223955,-0.862374316,-0.856008286,-0.849080291
-1.069833944,-0.295746896,-0.386813516,-0.445119843,-0.488477853,-0.520124482,-0.549335726,-0.574903698,-0.593085873,-0.613586294,-0.626912617,-0.644318762,-0.660859347,-0.669673301,-0.684537177,-0.691084794,-0.704965075,-0.709722864,-0.722801202,-0.735978277,-0.73879753,-0.751566723,-0.753199828,-0.765854621,-0.766638878,-0.779264714,-0.779111018,-0.792001987,-0.790976508,-0.789440402,-0.802477924,-0.800389905,-0.813809624,-0.811061228,-0.825007534,-0.821741869,-0.818128159,-0.832722842,-0.828491101,-0.843568399,-0.839063102,-0.855032928,-0.850193103,-0.844962986,-0.86192242,-0.856547832,-0.850566137,-0.86830794,-0.862374316,-0.856008286,-0.874888202
-1.503351438,-0.295746896,-0.388544277,-0.447443015,-0.488477853,-0.523489242,-0.553185851,-0.574903698,-0.597872942,-0.613586294,-0.632612168,-0.650470363,-0.660859347,-0.676725958,-0.684537177,-0.699039269,-0.704965075,-0.718586275,-0.732121255,-0.735978277,-0.74903964,-0.751566723,-0.764373794,-0.765854621,-0.77876029,-0.779264714,-0.79219213,-0.792001987,-0.790976508,-0.803986043,-0.802477924,-0.815931456,-0.813809624,-0.827613497,-0.825007534,-0.821741869,-0.83622834,-0.832722842,-0.847642536,-0.843568399,-0.859278242,-0.855032928,-0.850193103,-0.86681171,-0.86192242,-0.856547832,-0.87408843,-0.86830794,-0.862374316,-0.88123942,-0.874888202
-2.259000113,-0.296767699,-0.390275038,-0.447443015,-0.49133757,-0.526854001,-0.553185851,-0.579226499,-0.597872942,-0.618831518,-0.638311719,-0.650470363,-0.667461778,-0.676725958,-0.692040324,-0.699039269,-0.713373533,-0.727449686,-0.732121255,-0.745759153,-0.74903964,-0.762273819,-0.764373794,-0.777500829,-0.77876029,-0.791864661,-0.79219213,-0.792001987,-0.805030817,-0.803986043,-0.817520624,-0.815931456,-0.829856876,-0.827613497,-0.825007534,-0.839320488,-0.83622834,-0.85134921,-0.847642536,-0.86325035,-0.859278242,-0.855032928,-0.871494083,-0.86681171,-0.86192242,-0.879511581,-0.87408843,-0.86830794,-0.887032369,-0.88123942,-0.900696114
-0.215186576,-0.297788501,-0.390275038,-0.449766188,-0.494197287,-0.526854001,-0.557035975,-0.579226499,-0.60266001,-0.624076742,-0.638311719,-0.656621965,-0.667461778,-0.683778615,-0.692040324,-0.706993744,-0.72178199,-0.727449686,-0.741441309,-0.745759153,-0.75928175,-0.762273819,-0.77554776,-0.777500829,-0.790881702,-0.791864661,-0.79219213,-0.80556986,-0.805030817,-0.818531684,-0.817520624,-0.831473008,-0.829856876,-0.827613497,-0.842071948,-0.839320488,-0.85432852,-0.85134921,-0.866793972,-0.86325035,-0.859278242,-0.875789513,-0.871494083,-0.86681171,-0.884329416,-0.879511581,-0.87408843,-0.892391925,-0.887032369,-0.906470554,-0.900696114
0.478159243,-0.297788501,-0.392005799,-0.45208936,-0.494197287,-0.53021876,-0.557035975,-0.5835493,-0.607447079,-0.624076742,-0.64401127,-0.656621965,-0.674064209,-0.683778615,-0.699543472,-0.714948219,-0.72178199,-0.736313097,-0.741441309,-0.755540028,-0.75928175,-0.772980914,-0.77554776,-0.789147036,-0.790881702,-0.791864661,-0.805273242,-0.80556986,-0.819085126,-0.818531684,-0.832563325,-0.831473008,-0.829856876,-0.844165767,-0.842071948,-0.856899108,-0.85432852,-0.869975579,-0.866793972,-0.86325035,-0.879493383,-0.875789513,-0.871494083,-0.888660434,-0.884329416,-0.879511581,-0.897610724,-0.892391925,-0.911690423,-0.906470554,-0.900696114
-3.352028383,-0.298809304,-0.393736559,-0.45208936,-0.497057005,-0.53021876,-0.560886099,-0.587872101,-0.607447079,-0.629321966,-0.64401127,-0.662773567,-0.674064209,-0.690831272,-0.70704662,-0.714948219,-0.730190448,-0.736313097,-0.750761362,-0.755540028,-0.76952386,-0.772980914,-0.786721727,-0.789147036,-0.790881702,-0.804464607,-0.805273242,-0.819137734,-0.819085126,-0.833077324,-0.832563325,-0.831473008,-0.845904128,-0.844165767,-0.859136362,-0.856899108,-0.872428701,-0.869975579,-0.866793972,-0.8829323,-0.879493383,-0.875789513,-0.892795063,-0.888660434,-0.884329416,-0.90247533,-0.897610724,-0.91647591,-0.911690423,-0.906470554,-0.926504025
-0.262986501,-0.299830106,-0.393736559,-0.454412532,-0.497057005,-0.533583519,-0.564736223,-0.587872101,-0.612234147,-0.629321966,-0.649710821,-0.662773567,-0.680666641,-0.697883929,-0.70704662,-0.722902694,-0.730190448,-0.745176508,-0.750761362,-0.765320903,-0.76952386,-0.78368801,-0.786721727,-0.789147036,-0.803003113,-0.804464607,-0.818354353,-0.819137734,-0.833139435,-0.833077324,-0.832563325,-0.847014559,-0.845904128,-0.860718037,-0.859136362,-0.874477727,-0.872428701,-0.869975579,-0.885945407,-0.8829323,-0.879493383,-0.896546098,-0.892795063,-0.888660434,-0.906736411,-0.90247533,-0.921133018,-0.91647591,-0.911690423,-0.931701689,-0.926504025
0.128500222,-0.299830106,-0.39546732,-0.454412532,-0.499916722,-0.536948278,-0.564736223,-0.592194902,-0.612234147,-0.63456719,-0.649710821,-0.668925168,-0.687269072,-0.697883929,-0.714549768,-0.722902694,-0.738598905,-0.745176508,-0.760081415,-0.765320903,-0.77976597,-0.78368801,-0.786721727,-0.800793244,-0.803003113,-0.817064554,-0.818354353,-0.832705607,-0.833139435,-0.833077324,-0.847606025,-0.847014559,-0.86195138,-0.860718037,-0.876200776,-0.874477727,-0.872428701,-0.888601947,-0.885945407,-0.8829323,-0.899708523,-0.896546098,-0.892795063,-0.910509158,-0.906736411,-0.925439079,-0.921133018,-0.91647591,-0.936348476,-0.931701689,-0.926504025
-1.166242847,-0.300850909,-0.39546732,-0.456735705,-0.502776439,-0.536948278,-0.568586348,-0.592194902,-0.617021216,-0.63456719,-0.655410372,-0.67507677,-0.687269072,-0.704936586,-0.714549768,-0.730857169,-0.738598905,-0.754039919,-0.760081415,-0.775101779,-0.77976597,-0.78368801,-0.797895693,-0.800793244,-0.815124525,-0.817064554,-0.831435465,-0.832705607,-0.833139435,-0.847622965,-0.847606025,-0.862556111,-0.86195138,-0.877270307,-0.876200776,-0.874477727,-0.890528881,-0.888601947,-0.885945407,-0.902614251,-0.899708523,-0.896546098,-0.914096042,-0.910509158,-0.929143406,-0.925439079,-0.921133018,-0.940559895,-0.936348476,-0.931701689,-0.952311937
-2.703522576,-0.300850909,-0.397198081,-0.459058877,-0.502776439,-0.540313038,-0.568586348,-0.596517702,-0.617021216,-0.639812414,-0.661109923,-0.67507677,-0.693871503,-0.704936586,-0.722052915,-0.730857169,-0.747007363,-0.754039919,-0.769401469,-0.775101779,-0.77976597,-0.794395105,-0.797895693,-0.812439452,-0.815124525,-0.829664501,-0.831435465,-0.832705607,-0.847193744,-0.847622965,-0.862648726,-0.862556111,-0.877998631,-0.877270307,-0.876200776,-0.892056347,-0.890528881,-0.888601947,-0.905096843,-0.902614251,-0.899708523,-0.917302683,-0.914096042,-0.932357882,-0.929143406,-0.925439079,-0.944655311,-0.940559895,-0.936348476,-0.956932823,-0.952311937
-0.646013239,-0.301871711,-0.398928842,-0.459058877,-0.505636157,-0.540313038,-0.572436472,-0.596517702,-0.621808284,-0.645057637,-0.661109923,-0.681228372,-0.693871503,-0.711989243,-0.722052915,-0.738811644,-0.747007363,-0.76290333,-0.769401469,-0.775101779,-0.79000808,-0.794395105,-0.80906966,-0.812439452,-0.827245936,-0.829664501,-0.831435465,-0.84627348,-0.847193744,-0.862168606,-0.862648726,-0.878097662,-0.877998631,-0.877270307,-0.89326519,-0.892056347,-0.890528881,-0.907228316,-0.905096843,-0.902614251,-0.919923664,-0.917302683,-0.935397022,-0.932357882,-0.929143406,-0.948402828,-0.944655311,-0.940559895,-0.961006529,-0.956932823,-0.952311937
-1.695382871,-0.302892514,-0.398928842,-0.46138205,-0.505636157,-0.543677797,-0.572436472,-0.600840503,-0.626595353,-0.645057637,-0.666809475,-0.681228372,-0.700473934,-0.711989243,-0.729556063,-0.738811644,-0.75541582,-0.76290333,-0.769401469,-0.784882654,-0.79000808,-0.805102201,-0.80906966,-0.82408566,-0.827245936,-0.829664501,-0.844516577,-0.84627348,-0.861248053,-0.862168606,-0.877691426,-0.878097662,-0.877998631,-0.893822577,-0.89326519,-0.892056347,-0.908629062,-0.907228316,-0.905096843,-0.922296201,-0.919923664,-0.938059268,-0.935397022,-0.932357882,-0.951550402,-0.948402828,-0.944655311,-0.96464388,-0.961006529,-0.956932823,-0.952311937
-2.118383196,-0.302892514,-0.400659603,-0.46138205,-0.508495874,-0.543677797,-0.576286596,-0.605163304,-0.626595353,-0.650302861,-0.666809475,-0.687379974,-0.700473934,-0.719041901,-0.729556063,-0.746766119,-0.75541582,-0.76290333,-0.778721522,-0.784882654,-0.80025019,-0.805102201,-0.820243626,-0.82408566,-0.827245936,-0.842264448,-0.844516577,-0.859841353,-0.861248053,-0.876714246,-0.877691426,-0.878097662,-0.894045883,-0.893822577,-0.89326519,-0.909634967,-0.908629062,-0.907228316,-0.924248278,-0.922296201,-0.940138805,-0.938059268,-0.935397022,-0.954206606,-0.951550402,-0.948402828,-0.968177605,-0.96464388,-0.961006529,-0.956932823,-0.978119849
-2.749624717,-0.303913316,-0.400659603,-0.463705222,-0.508495874,-0.547042556,-0.58013672,-0.605163304,-0.631382421,-0.650302861,-0.672509026,-0.687379974,-0.707076365,-0.719041901,-0.737059211,-0.746766119,-0.75541582,-0.771766741,-0.778721522,-0.79466353,-0.80025019,-0.815809296,-0.820243626,-0.82408566,-0.839367348,-0.842264448,-0.857597689,-0.859841353,-0.875302362,-0.876714246,-0.877691426,-0.893639214,-0.894045883,-0.893822577,-0.910329604,-0.909634967,-0.908629062,-0.925854684,-0.924248278,-0.941978152,-0.940138805,-0.938059268,-0.956698002,-0.954206606,-0.951550402,-0.971366577,-0.968177605,-0.96464388,-0.961006529,-0.982163957,-0.978119849
-0.969029085,-0.303913316,-0.402390364,-0.463705222,-0.511355591,-0.550407315,-0.58013672,-0.609486105,-0.631382421,-0.655548085,-0.672509026,-0.693531575,-0.707076365,-0.726094558,-0.737059211,-0.746766119,-0.763824278,-0.771766741,-0.788041575,-0.79466353,-0.8104923,-0.815809296,-0.820243626,-0.835731867,-0.839367348,-0.854864395,-0.857597689,-0.873409227,-0.875302362,-0.876714246,-0.892734126,-0.893639214,-0.894045883,-0.910374847,-0.910329604,-0.909634967,-0.926729242,-0.925854684,-0.943399714,-0.941978152,-0.940138805,-0.958815853,-0.956698002,-0.954206606,-0.973957397,-0.971366577,-0.968177605,-0.96464388,-0.985664582,-0.982163957,-0.978119849
-0.731863728,-0.304934119,-0.402390364,-0.466028395,-0.514215309,-0.550407315,-0.583986844,-0.609486105,-0.63616949,-0.655548085,-0.678208577,-0.693531575,-0.713678797,-0.726094558,-0.737059211,-0.754720594,-0.763824278,-0.780630152,-0.788041575,-0.804444405,-0.8104923,-0.815809296,-0.831417592,-0.835731867,-0.85148876,-0.854864395,-0.8706788,-0.873409227,-0.875302362,-0.891259887,-0.892734126,-0.893639214,-0.910093135,-0.910374847,-0.910329604,-0.927213586,-0.926729242,-0.944481052,-0.943399714,-0.941978152,-0.960353945,-0.958815853,-0.956698002,-0.97605533,-0.973957397,-0.971366577,-0.968177605,-0.988727865,-0.985664582,-0.982163957,-1.00392776
-2.148201323,-0.304934119,-0.404121125,-0.468351567,-0.514215309,-0.553772075,-0.583986844,-0.613808906,-0.63616949,-0.660793309,-0.678208577,-0.699683177,-0.713678797,-0.726094558,-0.744562359,-0.754720594,-0.772232735,-0.780630152,-0.797361629,-0.804444405,-0.8104923,-0.826516392,-0.831417592,-0.847378075,-0.85148876,-0.867464342,-0.8706788,-0.873409227,-0.889356671,-0.891259887,-0.892734126,-0.909180765,-0.910093135,-0.910374847,-0.927394018,-0.927213586,-0.944829423,-0.944481052,-0.943399714,-0.961660102,-0.960353945,-0.958815853,-0.977998982,-0.97605533,-0.973957397,-0.971366577,-0.991699898,-0.988727865,-0.985664582,-1.007395092,-1.00392776
-1.009198269,-0.305954921,-0.405851886,-0.468351567,-0.517075026,-0.553772075,-0.587836969,-0.613808906,-0.640956558,-0.660793309,-0.683908128,-0.699683177,-0.713678797,-0.733147215,-0.744562359,-0.762675069,-0.772232735,-0.789493563,-0.797361629,-0.804444405,-0.820734409,-0.826516392,-0.842591559,-0.847378075,-0.863610171,-0.867464342,-0.8706788,-0.8869771,-0.889356671,-0.891259887,-0.907776827,-0.909180765,-0.910093135,-0.926927117,-0.927394018,-0.944792206,-0.944829423,-0.944481052,-0.96255115,-0.961660102,-0.960353945,-0.979572438,-0.977998982,-0.97605533,-0.973957397,-0.994330326,-0.991699898,-0.988727865,-1.010322636,-1.007395092,-1.00392776
-2.679220008,-0.306975724,-0.405851886,-0.47067474,-0.517075026,-0.557136834,-0.587836969,-0.618131707,-0.640956558,-0.666038533,-0.683908128,-0.699683177,-0.720281228,-0.733147215,-0.752065506,-0.762675069,-0.780641193,-0.789493563,-0.797361629,-0.814225281,-0.820734409,-0.837223487,-0.842591559,-0.859024283,-0.863610171,-0.867464342,-0.883759912,-0.8869771,-0.889356671,-0.905805527,-0.907776827,-0.909180765,-0.926140386,-0.926927117,-0.944458432,-0.944792206,-0.944829423,-0.963107421,-0.96255115,-0.961660102,-0.980569086,-0.979572438,-0.977998982,-0.97605533,-0.996364392,-0.994330326,-0.991699898,-1.01281185,-1.010322636,-1.007395092,-1.029735672
-0.733017587,-0.306975724,-0.407582646,-0.47067474,-0.519934744,-0.557136834,-0.591687093,-0.618131707,-0.645743627,-0.666038533,-0.683908128,-0.705834779,-0.720281228,-0.740199872,-0.752065506,-0.770629544,-0.780641193,-0.789493563,-0.806681682,-0.814225281,-0.830976519,-0.837223487,-0.853765525,-0.859024283,-0.863610171,-0.880064289,-0.883759912,-0.8869771,-0.90341098,-0.905805527,-0.907776827,-0.924722317,-0.926140386,-0.943479387,-0.944458432,-0.944792206,-0.962929603,-0.963107421,-0.96255115,-0.981342053,-0.980569086,-0.979572438,-0.977998982,-0.997904054,-0.996364392,-0.994330326,-1.015222192,-1.01281185,-1.010322636,-1.032626226,-1.029735672
-1.493415332,-0.307996526,-0.407582646,-0.472997912,-0.519934744,-0.560501593,-0.591687093,-0.622454508,-0.645743627,-0.666038533,-0.689607679,-0.705834779,-0.726883659,-0.740199872,-0.759568654,-0.770629544,-0.780641193,-0.798356974,-0.806681682,-0.824006156,-0.830976519,-0.847930583,-0.853765525,-0.859024283,-0.875731583,-0.880064289,-0.883759912,-0.900544973,-0.90341098,-0.905805527,-0.922819527,-0.924722317,-0.942187638,-0.943479387,-0.944458432,-0.962370825,-0.962929603,-0.963107421,-0.981702585,-0.981342053,-0.980569086,-0.979572438,-0.999299961,-0.997904054,-0.996364392,-1.017294074,-1.015222192,-1.01281185,-1.034980689,-1.032626226,-1.029735672
-1.726552403,-0.307996526,-0.409313407,-0.472997912,-0.522794461,-0.560501593,-0.595537217,-0.622454508,-0.645743627,-0.671283757,-0.689607679,-0.71198638,-0.726883659,-0.747252529,-0.759568654,-0.770629544,-0.78904965,-0.798356974,-0.816001735,-0.824006156,-0.841218629,-0.847930583,-0.853765525,-0.87067049,-0.875731583,-0.880064289,-0.896841024,-0.900544973,-0.90341098,-0.920351168,-0.922819527,-0.940263869,-0.942187638,-0.943479387,-0.961522846,-0.962370825,-0.962929603,-0.981733789,-0.981702585,-0.981342053,-0.980569086,-1.000329023,-0.999299961,-0.997904054,-1.018771388,-1.017294074,-1.015222192,-1.036895836,-1.034980689,-1.032626226,-1.029735672
-1.646832516,-0.309017329,-0.409313407,-0.475321085,-0.522794461,-0.563866352,-0.595537217,-0.622454508,-0.650530695,-0.671283757,-0.69530723,-0.71198638,-0.73348609,-0.747252529,-0.759568654,-0.778584019,-0.78904965,-0.807220385,-0.816001735,-0.833787032,-0.841218629,-0.847930583,-0.864939492,-0.87067049,-0.875731583,-0.892664236,-0.896841024,-0.900544973,-0.917465289,-0.920351168,-0.937862228,-0.940263869,-0.942187638,-0.960031657,-0.961522846,-0.962370825,-0.981029784,-0.981733789,-0.981702585,-0.981342053,-1.000784226,-1.000329023,-0.999299961,-1.019752778,-1.018771388,-1.017294074,-1.038744486,-1.036895836,-1.034980689,-1.032626226,-1.055543583
-0.676200486,-0.309017329,-0.411044168,-0.475321085,-0.525654178,-0.563866352,-0.595537217,-0.626777309,-0.650530695,-0.676528981,-0.69530723,-0.718137982,-0.73348609,-0.747252529,-0.767071802,-0.778584019,-0.797458108,-0.807220385,-0.825321789,-0.833787032,-0.841218629,-0.858637678,-0.864939492,-0.87067049,-0.887852994,-0.892664236,-0.896841024,-0.914112846,-0.917465289,-0.934896809,-0.937862228,-0.940263869,-0.95823489,-0.960031657,-0.961522846,-0.979949445,-0.981029784,-0.981733789,-0.981702585,-1.001024003,-1.000784226,-1.000329023,-1.020600941,-1.019752778,-1.018771388,-1.040257823,-1.038744486,-1.036895836,-1.034980689,-1.057857361,-1.055543583
-0.799779016,-0.310038131,-0.411044168,-0.477644257,-0.525654178,-0.563866352,-0.599387341,-0.626777309,-0.655317764,-0.676528981,-0.701006781,-0.718137982,-0.73348609,-0.754305186,-0.767071802,-0.786538494,-0.797458108,-0.816083796,-0.825321789,-0.833787032,-0.851460739,-0.858637678,-0.864939492,-0.882316698,-0.887852994,-0.892664236,-0.909922136,-0.914112846,-0.931519598,-0.934896809,-0.937862228,-0.95580542,-0.95823489,-0.960031657,-0.97858726,-0.979949445,-0.981029784,-0.981733789,-1.000854021,-1.001024003,-1.000784226,-1.021085608,-1.020600941,-1.019752778,-1.041178383,-1.040257823,-1.038744486,-1.036895836,-1.059638742,-1.057857361,-1.055543583
-1.020725331,-0.310038131,-0.412774929,-0.477644257,-0.525654178,-0.567231112,-0.599387341,-0.631100109,-0.655317764,-0.681774205,-0.701006781,-0.718137982,-0.740088521,-0.754305186,-0.774574949,-0.786538494,-0.805866565,-0.816083796,-0.825321789,-0.843567907,-0.851460739,-0.858637678,-0.876113458,-0.882316698,-0.887852994,-0.905264182,-0.909922136,-0.92768072,-0.931519598,-0.934896809,-0.952904928,-0.95580542,-0.95823489,-0.976583927,-0.97858726,-0.979949445,-0.981029784,-1.000360157,-1.000854021,-1.001024003,-1.020999367,-1.021085608,-1.020600941,-1.041601502,-1.041178383,-1.040257823,-1.038744486,-1.060979821,-1.059638742,-1.057857361,-1.055543583
-1.417593458,-0.311058934,-0.412774929,-0.477644257,-0.528513896,-0.567231112,-0.603237466,-0.631100109,-0.660104832,-0.681774205,-0.701006781,-0.724289584,-0.740088521,-0.761357843,-0.774574949,-0.794492969,-0.805866565,-0.816083796,-0.834641842,-0.843567907,-0.851460739,-0.869344774,-0.876113458,-0.882316698,-0.899974406,-0.905264182,-0.923003248,-0.92768072,-0.931519598,-0.949442449,-0.952904928,-0.95580542,-0.974282141,-0.976583927,-0.97858726,-0.979949445,-0.999129965,-1.000360157,-1.000854021,-1.020705954,-1.020999367,-1.021085608,-1.041901921,-1.041601502,-1.041178383,-1.040257823,-1.062266779,-1.060979821,-1.059638742,-1.057857361,-1.081351495
-1.47747354,-0.311058934,-0.412774929,-0.47996743,-0.528513896,-0.570595871,-0.603237466,-0.63542291,-0.660104832,-0.681774205,-0.706706332,-0.724289584,-0.746690953,-0.761357843,-0.782078097,-0.794492969,-0.805866565,-0.824947207,-0.834641842,-0.843567907,-0.861702849,-0.869344774,-0.876113458,-0.893962906,-0.899974406,-0.917864129,-0.923003248,-0.92768072,-0.945573907,-0.949442449,-0.952904928,-0.971346972,-0.974282141,-0.976583927,-0.97858726,-0.997528064,-0.999129965,-1.000360157,-1.020005456,-1.020705954,-1.020999367,-1.041842194,-1.041901921,-1.041601502,-1.041178383,-1.063221572,-1.062266779,-1.060979821,-1.059638742,-1.083088495,-1.081351495
-0.936914406,-0.311058934,-0.41450569,-0.47996743,-0.531373613,-0.570595871,-0.60708759,-0.63542291,-0.660104832,-0.687019429,-0.706706332,-0.730441185,-0.746690953,-0.7684105,-0.782078097,-0.794492969,-0.814275023,-0.824947207,-0.834641842,-0.853348783,-0.861702849,-0.869344774,-0.887287424,-0.893962906,-0.912095817,-0.917864129,-0.923003248,-0.941248593,-0.945573907,-0.949442449,-0.967947628,-0.971346972,-0.974282141,-0.976583927,-0.995651674,-0.997528064,-0.999129965,-1.018986526,-1.020005456,-1.020705954,-1.041214508,-1.041842194,-1.041901921,-1.041601502,-1.063585378,-1.063221572,-1.062266779,-1.060979821,-1.084296795,-1.083088495,-1.081351495
-1.327904121,-0.312079736,-0.41450569,-0.482290602,-0.531373613,-0.57396063,-0.60708759,-0.63542291,-0.664891901,-0.687019429,-0.712405883,-0.730441185,-0.753293384,-0.7684105,-0.782078097,-0.802447444,-0.814275023,-0.824947207,-0.843961895,-0.853348783,-0.861702849,-0.880051869,-0.887287424,-0.905609114,-0.912095817,-0.917864129,-0.936084359,-0.941248593,-0.945573907,-0.96398809,-0.967947628,-0.971346972,-0.974282141,-0.993136197,-0.995651674,-0.997528064,-1.017230145,-1.018986526,-1.020005456,-1.040387904,-1.041214508,-1.041842194,-1.041901921,-1.063450226,-1.063585378,-1.063221572,-1.062266779,-1.085063806,-1.084296795,-1.083088495,-1.081351495
-0.877847274,-0.312079736,-0.416236451,-0.482290602,-0.53423333,-0.57396063,-0.60708759,-0.639745711,-0.664891901,-0.692264653,-0.712405883,-0.736592787,-0.753293384,-0.7684105,-0.789581245,-0.802447444,-0.814275023,-0.833810618,-0.843961895,-0.853348783,-0.871944959,-0.880051869,-0.898461391,-0.905609114,-0.912095817,-0.930464076,-0.936084359,-0.941248593,-0.959628216,-0.96398809,-0.967947628,-0.971346972,-0.990329393,-0.993136197,-0.995651674,-1.015106684,-1.017230145,-1.018986526,-1.039156892,-1.040387904,-1.041214508,-1.041842194,-1.0632029,-1.063450226,-1.063585378,-1.063221572,-1.085789073,-1.085063806,-1.084296795,-1.083088495,-1.107159406
